iteration,seed,fitness,total_existing,total_planted,exist_AG_LEC,exist_AG_SAL,exist_AG_SCB,exist_AG_STR,exist_OP_CAN,exist_OP_ENG,exist_OP_ROB,exist_OP_STR,exist_PR_LAE,exist_YU_FIL,new_AG_LEC,new_AG_SAL,new_AG_SCB,new_AG_STR,new_OP_CAN,new_OP_ENG,new_OP_ROB,new_OP_STR,new_PR_LAE,new_YU_FIL
1,618928,708.7064516129033,74,551,4,17,7,0,0,10,11,11,14,0,36,169,33,40,47,26,58,50,67,25
2,863698,691.2913978494624,71,554,3,22,4,3,5,6,9,6,11,2,37,164,36,37,42,30,60,55,70,23
3,275368,701.5344086021505,70,555,5,16,5,4,9,1,12,5,7,6,35,170,35,36,38,35,57,56,74,19
4,564598,691.8602150537635,70,555,3,25,6,3,4,1,10,7,9,2,37,161,34,37,43,35,59,54,72,23
5,647017,694.0258064516129,70,555,4,25,4,2,9,3,4,9,8,2,36,161,36,38,38,33,65,52,73,23
6,21020,693.6645161290321,73,552,8,18,5,8,3,3,7,8,7,6,32,168,35,32,44,33,62,53,74,19
7,677593,685.8333333333333,68,557,5,19,6,2,7,4,5,10,7,3,35,167,34,38,40,32,64,51,74,22
8,147677,684.6086021505375,63,562,6,15,5,3,6,6,7,7,6,2,34,171,35,37,41,30,62,54,75,23
9,664396,696.4935483870967,73,552,4,19,4,4,6,6,10,6,9,5,36,167,36,36,41,30,59,55,72,20
10,187444,697.0473118279571,71,554,4,23,7,4,3,4,7,5,13,1,36,163,33,36,44,32,62,56,68,24
11,834663,689.632258064516,70,555,3,20,8,8,4,3,8,7,7,2,37,166,32,32,43,33,61,54,74,23
12,127290,699.3645161290323,74,551,4,16,3,8,7,5,6,9,14,2,36,170,37,32,40,31,63,52,67,23
13,755130,699.078494623656,73,552,2,22,4,8,11,3,2,6,14,1,38,164,36,32,36,33,67,55,67,24
14,701993,697.5623655913978,75,550,4,26,5,3,4,4,5,6,16,2,36,160,35,37,43,32,64,55,65,23
15,518645,702.6096774193549,71,554,7,17,7,3,5,3,7,9,11,2,33,169,33,37,42,33,62,52,70,23
16,725804,688.3236559139784,71,554,4,25,8,3,6,1,7,4,12,1,36,161,32,37,41,35,62,57,69,24
17,603327,694.363440860215,72,553,4,21,5,5,5,3,9,8,11,1,36,165,35,35,42,33,60,53,70,24
18,505806,698.5602150537634,69,556,1,20,7,8,7,4,6,9,5,2,39,166,33,32,40,32,63,52,76,23
19,317524,684.7709677419355,73,552,6,18,7,4,7,6,6,8,10,1,34,168,33,36,40,30,63,53,71,24
20,792380,695.258064516129,74,551,6,23,2,5,5,4,11,12,5,1,34,163,38,35,42,32,58,49,76,24
21,877981,691.6301075268817,74,551,3,24,2,6,5,6,7,7,9,5,37,162,38,34,42,30,62,54,72,20
22,726481,694.7430107526881,71,554,5,16,5,7,7,3,11,7,8,2,35,170,35,33,40,33,58,54,73,23
23,351678,690.194623655914,68,557,2,23,3,3,4,4,10,8,10,1,38,163,37,37,43,32,59,53,71,24
24,710925,694.6021505376343,72,553,0,24,6,5,5,4,9,7,10,2,40,162,34,35,42,32,60,54,71,23
25,998028,693.9279569892473,69,556,3,26,6,3,1,2,9,6,11,2,37,160,34,37,46,34,60,55,70,23
26,821355,693.1763440860213,73,552,5,22,3,5,6,6,10,5,7,4,35,164,37,35,41,30,59,56,74,21
27,779944,697.3397849462365,75,550,5,24,2,6,4,3,11,6,10,4,35,162,38,34,43,33,58,55,71,21
28,19036,690.1387096774192,70,555,4,23,7,3,5,7,5,5,5,6,36,163,33,37,42,29,64,56,76,19
29,698738,691.3279569892474,73,552,5,17,7,6,7,6,5,7,11,2,35,169,33,34,40,30,64,54,70,23
30,273466,699.82688172043,71,554,5,24,6,5,4,7,3,4,10,3,35,162,34,35,43,29,66,57,71,22
31,33796,705.0698924731183,66,559,2,19,2,7,4,7,2,9,11,3,38,167,38,33,43,29,67,52,70,22
32,256961,700.8430107526881,71,554,5,20,5,5,9,7,6,1,11,2,35,166,35,35,38,29,63,60,70,23
33,648576,696.131182795699,73,552,1,24,7,3,4,7,7,5,12,3,39,162,33,37,43,29,62,56,69,22
34,827283,687.4709677419355,73,552,9,20,2,5,6,6,13,9,1,2,31,166,38,35,41,30,56,52,80,23
35,689275,694.2688172043011,70,555,3,19,3,6,7,9,7,6,9,1,37,167,37,34,40,27,62,55,72,24
36,330172,694.9494623655913,68,557,5,15,4,8,5,3,7,4,15,2,35,171,36,32,42,33,62,57,66,23
37,965435,697.6709677419353,72,553,4,18,5,1,3,2,13,8,13,5,36,168,35,39,44,34,56,53,68,20
38,326087,701.4870967741936,71,554,5,16,1,3,5,6,11,8,14,2,35,170,39,37,42,30,58,53,67,23
39,210482,691.4247311827958,74,551,7,19,7,6,5,3,3,7,14,3,33,167,33,34,42,33,66,54,67,22
40,716159,692.9064516129031,77,548,3,25,7,6,5,7,13,3,5,3,37,161,33,34,42,29,56,58,76,22
41,334012,693.4236559139785,72,553,5,22,4,5,8,4,9,6,5,4,35,164,36,35,39,32,60,55,76,21
42,447377,697.3806451612903,72,553,3,21,5,1,3,4,13,9,11,2,37,165,35,39,44,32,56,52,70,23
43,281244,696.9634408602149,72,553,3,24,7,4,0,3,11,7,9,4,37,162,33,36,47,33,58,54,72,21
44,500241,696.8860215053763,72,553,2,19,2,1,13,2,10,6,12,5,38,167,38,39,34,34,59,55,69,20
45,488942,687.6741935483872,72,553,3,20,7,5,5,4,6,13,6,3,37,166,33,35,42,32,63,48,75,22
46,318062,689.884946236559,72,553,1,29,6,3,3,4,7,10,8,1,39,157,34,37,44,32,62,51,73,24
47,89660,707.0365591397849,74,551,4,18,5,4,10,4,9,8,10,2,36,168,35,36,37,32,60,53,71,23
48,331453,694.5236559139784,70,555,7,16,8,2,5,4,7,6,14,1,33,170,32,38,42,32,62,55,67,24
49,219053,696.7860215053763,69,556,4,20,7,3,6,2,7,8,11,1,36,166,33,37,41,34,62,53,70,24
50,823839,693.8795698924731,64,561,1,15,6,7,4,2,11,8,7,3,39,171,34,33,43,34,58,53,74,22
51,725298,696.305376344086,69,556,3,19,4,4,9,7,6,8,8,1,37,167,36,36,38,29,63,53,73,24
52,115757,693.1731182795698,76,549,4,19,7,3,7,6,10,6,11,3,36,167,33,37,40,30,59,55,70,22
53,661099,699.1118279569891,70,555,5,16,6,1,4,6,8,10,7,7,35,170,34,39,43,30,61,51,74,18
54,726382,697.9322580645161,74,551,7,26,3,4,6,3,7,6,9,3,33,160,37,36,41,33,62,55,72,22
55,662987,694.732258064516,70,555,5,26,0,5,3,2,10,10,9,0,35,160,40,35,44,34,59,51,72,25
56,386903,693.1,66,559,7,18,4,5,6,5,9,5,7,0,33,168,36,35,41,31,60,56,74,25
57,707913,696.041935483871,72,553,3,23,5,7,4,5,2,9,8,6,37,163,35,33,43,31,67,52,73,19
58,226766,697.1247311827957,69,556,1,25,5,3,5,5,11,2,10,2,39,161,35,37,42,31,58,59,71,23
59,618857,696.9516129032259,70,555,4,11,6,4,8,2,6,7,16,6,36,175,34,36,39,34,63,54,65,19
60,793180,690.9870967741936,73,552,4,29,5,5,2,3,8,10,5,2,36,157,35,35,45,33,61,51,76,23
61,970714,700.3494623655913,70,555,7,16,1,4,4,3,8,13,9,5,33,170,39,36,43,33,61,48,72,20
62,624407,694.7892473118278,68,557,3,20,5,2,0,6,6,10,13,3,37,166,35,38,47,30,63,51,68,22
63,268816,692.6075268817203,71,554,3,24,0,5,5,4,10,10,9,1,37,162,40,35,42,32,59,51,72,24
64,543072,700.0236559139785,76,549,3,25,8,3,6,5,7,4,12,3,37,161,32,37,41,31,62,57,69,22
65,252679,699.6258064516128,71,554,4,27,1,6,3,6,7,1,9,7,36,159,39,34,44,30,62,60,72,18
66,21192,692.5043010752688,73,552,5,20,5,5,6,3,8,8,11,2,35,166,35,35,41,33,61,53,70,23
67,493218,698.5150537634408,74,551,2,21,3,11,6,8,7,6,6,4,38,165,37,29,41,28,62,55,75,21
68,862092,691.5333333333333,75,550,6,22,5,2,4,4,11,10,7,4,34,164,35,38,43,32,58,51,74,21
69,330838,696.0655913978494,66,559,4,22,4,7,1,5,5,8,9,1,36,164,36,33,46,31,64,53,72,24
70,93849,691.079569892473,75,550,7,20,3,9,10,5,7,6,7,1,33,166,37,31,37,31,62,55,74,24
71,543620,695.2344086021506,64,561,0,26,4,3,3,3,3,7,11,4,40,160,36,37,44,33,66,54,70,21
72,2611,691.4086021505376,69,556,4,18,3,3,6,6,8,6,12,3,36,168,37,37,41,30,61,55,69,22
73,167344,699.3892473118278,72,553,2,17,2,3,3,3,12,10,15,5,38,169,38,37,44,33,57,51,66,20
74,432616,694.352688172043,71,554,6,21,4,3,9,2,5,11,7,3,34,165,36,37,38,34,64,50,74,22
75,554649,698.2967741935483,74,551,5,20,5,2,6,3,8,11,11,3,35,166,35,38,41,33,61,50,70,22
76,525949,691.9731182795699,74,551,4,27,4,3,10,4,5,10,5,2,36,159,36,37,37,32,64,51,76,23
77,612541,682.5064516129032,71,554,5,24,5,4,9,5,7,4,7,1,35,162,35,36,38,31,62,57,74,24
78,868933,691.494623655914,73,552,4,26,5,5,6,1,7,5,10,4,36,160,35,35,41,35,62,56,71,21
79,297903,691.7645161290322,74,551,10,30,6,2,7,4,4,4,6,1,30,156,34,38,40,32,65,57,75,24
80,101888,694.3935483870966,74,551,6,28,1,2,4,3,6,8,12,4,34,158,39,38,43,33,63,53,69,21
81,995203,695.3053763440861,74,551,4,22,2,4,7,5,8,10,9,3,36,164,38,36,40,31,61,51,72,22
82,191558,686.5129032258064,68,557,5,23,4,4,4,9,11,2,5,1,35,163,36,36,43,27,58,59,76,24
83,537755,696.0430107526881,74,551,4,26,3,3,5,3,7,7,10,6,36,160,37,37,42,33,62,54,71,19
84,970337,691.1774193548387,69,556,4,15,6,3,4,5,12,9,9,2,36,171,34,37,43,31,57,52,72,23
85,998107,698.0032258064516,68,557,7,20,3,7,4,1,7,5,9,5,33,166,37,33,43,35,62,56,72,20
86,752736,689.8129032258064,67,558,2,21,5,4,6,6,5,5,9,4,38,165,35,36,41,30,64,56,72,21
87,188385,693.221505376344,73,552,7,16,9,6,6,4,9,6,10,0,33,170,31,34,41,32,60,55,71,25
88,866462,696.0946236559139,74,551,3,30,9,4,1,0,5,8,11,3,37,156,31,36,46,36,64,53,70,22
89,644088,695.558064516129,74,551,5,23,1,2,7,9,10,6,11,0,35,163,39,38,40,27,59,55,70,25
90,512519,701.6806451612903,70,555,8,20,2,4,5,7,10,5,9,0,32,166,38,36,42,29,59,56,72,25
91,675320,692.6645161290322,73,552,5,23,2,6,8,2,8,5,13,1,35,163,38,34,39,34,61,56,68,24
92,383065,695.9086021505376,72,553,5,21,4,2,7,7,8,5,11,2,35,165,36,38,40,29,61,56,70,23
93,448183,695.8150537634407,72,553,1,20,6,3,3,11,11,3,10,4,39,166,34,37,44,25,58,58,71,21
94,387890,690.8279569892472,71,554,5,23,5,3,9,2,7,8,6,3,35,163,35,37,38,34,62,53,75,22
95,161309,686.2946236559139,71,554,5,18,2,4,6,6,11,8,7,4,35,168,38,36,41,30,58,53,74,21
96,329571,697.0268817204301,63,562,3,20,3,2,4,9,10,3,7,2,37,166,37,38,43,27,59,58,74,23
97,651149,703.0698924731182,74,551,1,20,6,3,6,3,12,8,12,3,39,166,34,37,41,33,57,53,69,22
98,837428,698.2752688172043,71,554,2,20,2,3,10,10,10,2,8,4,38,166,38,37,37,26,59,59,73,21
99,469645,685.9430107526881,77,548,4,24,5,5,9,6,12,3,7,2,36,162,35,35,38,30,57,58,74,23
100,649866,692.8860215053763,68,557,2,21,5,7,5,2,8,5,9,4,38,165,35,33,42,34,61,56,72,21
101,626811,690.0838709677419,69,556,4,21,1,5,6,3,7,6,14,2,36,165,39,35,41,33,62,55,67,23
102,717371,702.7655913978494,74,551,6,24,3,4,6,1,8,6,15,1,34,162,37,36,41,35,61,55,66,24
103,746856,690.5774193548386,75,550,7,26,7,4,5,4,5,6,9,2,33,160,33,36,42,32,64,55,72,23
104,636167,692.8559139784945,72,553,4,19,4,2,6,6,7,12,8,4,36,167,36,38,41,30,62,49,73,21
105,762147,691.5172043010751,75,550,4,23,4,8,6,2,9,5,11,3,36,163,36,32,41,34,60,56,70,22
106,275732,686.6430107526882,75,550,5,19,2,4,5,2,12,11,14,1,35,167,38,36,42,34,57,50,67,24
107,691288,688.9064516129032,71,554,8,16,4,4,4,6,5,9,13,2,32,170,36,36,43,30,64,52,68,23
108,161765,692.9279569892473,70,555,5,20,5,5,7,6,4,7,7,4,35,166,35,35,40,30,65,54,74,21
109,612917,691.8720430107526,63,562,2,21,1,6,6,4,8,5,10,0,38,165,39,34,41,32,61,56,71,25
110,171362,695.7032258064515,70,555,1,26,2,5,10,4,5,8,8,1,39,160,38,35,37,32,64,53,73,24
111,668663,693.2430107526882,73,552,3,16,6,5,6,2,13,9,9,4,37,170,34,35,41,34,56,52,72,21
112,997400,698.1924731182796,73,552,4,27,3,2,4,3,7,6,12,5,36,159,37,38,43,33,62,55,69,20
113,235856,695.8043010752688,68,557,5,20,5,7,2,3,7,8,8,3,35,166,35,33,45,33,62,53,73,22
114,137363,701.9838709677418,74,551,5,21,3,2,5,4,9,8,12,5,35,165,37,38,42,32,60,53,69,20
115,922193,690.3591397849463,75,550,5,25,3,2,4,3,8,11,11,3,35,161,37,38,43,33,61,50,70,22
116,734453,695.7118279569893,71,554,7,17,2,4,7,10,2,6,12,4,33,169,38,36,40,26,67,55,69,21
117,339580,688.7946236559139,68,557,5,18,3,1,9,4,8,10,8,2,35,168,37,39,38,32,61,51,73,23
118,686262,699.6021505376344,72,553,7,21,3,7,3,5,8,7,9,2,33,165,37,33,44,31,61,54,72,23
119,10350,691.058064516129,74,551,3,19,9,1,3,3,13,11,8,4,37,167,31,39,44,33,56,50,73,21
120,130251,693.3559139784945,74,551,4,22,7,4,2,4,8,7,13,3,36,164,33,36,45,32,61,54,68,22
121,254481,689.3193548387096,70,555,8,15,4,2,6,6,10,10,4,5,32,171,36,38,41,30,59,51,77,20
122,605770,695.132258064516,75,550,3,27,5,2,9,5,9,2,12,1,37,159,35,38,38,31,60,59,69,24
123,314101,699.2784946236558,76,549,2,22,4,6,5,4,10,6,13,4,38,164,36,34,42,32,59,55,68,21
124,993572,704.0494623655914,72,553,5,22,4,4,3,2,11,10,9,2,35,164,36,36,44,34,58,51,72,23
125,815089,693.7290322580645,71,554,10,21,4,3,3,3,9,8,8,2,30,165,36,37,44,33,60,53,73,23
126,164814,699.3064516129032,71,554,5,20,2,2,6,3,8,2,15,8,35,166,38,38,41,33,61,59,66,17
127,514513,697.0204301075267,72,553,4,25,6,4,7,1,9,4,9,3,36,161,34,36,40,35,60,57,72,22
128,930922,692.7591397849462,71,554,4,20,3,4,4,3,15,6,9,3,36,166,37,36,43,33,54,55,72,22
129,873102,699.516129032258,77,548,3,24,3,4,5,4,6,10,12,6,37,162,37,36,42,32,63,51,69,19
130,1770,695.2505376344086,71,554,4,23,1,4,5,5,9,11,8,1,36,163,39,36,42,31,60,50,73,24
131,73130,696.3666666666667,69,556,6,18,6,1,6,6,6,7,9,4,34,168,34,39,41,30,63,54,72,21
132,800367,692.4430107526882,73,552,2,19,8,4,6,4,12,6,10,2,38,167,32,36,41,32,57,55,71,23
133,868235,692.7849462365591,71,554,1,23,6,5,4,1,10,8,11,2,39,163,34,35,43,35,59,53,70,23
134,39187,689.7451612903226,75,550,4,25,3,4,7,1,9,8,9,5,36,161,37,36,40,35,60,53,72,20
135,588064,692.7086021505377,74,551,4,20,5,2,6,6,10,10,9,2,36,166,35,38,41,30,59,51,72,23
136,468008,695.1376344086021,74,551,3,24,4,7,5,6,6,6,10,3,37,162,36,33,42,30,63,55,71,22
137,601384,690.1225806451612,73,552,2,22,7,2,5,2,11,11,9,2,38,164,33,38,42,34,58,50,72,23
138,736570,685.2838709677419,73,552,8,20,4,8,4,3,9,5,10,2,32,166,36,32,43,33,60,56,71,23
139,15208,682.8258064516128,73,552,6,21,5,6,4,6,16,3,5,1,34,165,35,34,43,30,53,58,76,24
140,807817,693.4376344086022,63,562,0,22,3,4,6,3,6,9,9,1,40,164,37,36,41,33,63,52,72,24
141,655779,698.8505376344085,67,558,3,15,4,5,5,7,10,6,9,3,37,171,36,35,42,29,59,55,72,22
142,776325,690.7397849462366,69,556,5,17,1,6,6,7,10,7,4,6,35,169,39,34,41,29,59,54,77,19
143,69698,697.9408602150538,71,554,3,19,3,5,6,7,11,9,7,1,37,167,37,35,41,29,58,52,74,24
144,725663,697.1247311827957,74,551,8,24,5,2,8,8,4,8,6,1,32,162,35,38,39,28,65,53,75,24
145,810493,701.3182795698924,70,555,3,20,2,8,6,5,5,3,15,3,37,166,38,32,41,31,64,58,66,22
146,805206,694.074193548387,75,550,4,22,6,5,7,4,8,10,7,2,36,164,34,35,40,32,61,51,74,23
147,783340,685.8924731182796,73,552,9,25,3,4,4,2,8,6,8,4,31,161,37,36,43,34,61,55,73,21
148,838749,693.010752688172,73,552,5,16,3,3,6,7,11,11,9,2,35,170,37,37,41,29,58,50,72,23
149,263843,703.0215053763441,74,551,1,19,4,4,9,7,8,6,11,5,39,167,36,36,38,29,61,55,70,20
150,28374,692.4215053763442,72,553,4,25,1,6,3,4,7,11,9,2,36,161,39,34,44,32,62,50,72,23
151,17219,685.5774193548386,69,556,9,21,5,4,3,5,6,8,6,2,31,165,35,36,44,31,63,53,75,23
152,995989,697.0924731182795,69,556,7,12,4,2,4,5,12,10,9,4,33,174,36,38,43,31,57,51,72,21
153,251042,696.510752688172,72,553,4,22,5,6,5,9,6,6,7,2,36,164,35,34,42,27,63,55,74,23
154,554510,684.2666666666667,71,554,5,24,4,3,6,7,5,7,9,1,35,162,36,37,41,29,64,54,72,24
155,135216,702.3387096774194,72,553,9,16,4,8,3,6,5,6,10,5,31,170,36,32,44,30,64,55,71,20
156,279010,697.3838709677419,75,550,3,22,6,2,5,8,14,6,8,1,37,164,34,38,42,28,55,55,73,24
157,852863,687.4806451612902,73,552,4,16,4,5,2,9,11,10,7,5,36,170,36,35,45,27,58,51,74,20
158,666933,693.7322580645161,75,550,6,21,4,2,10,6,7,3,12,4,34,165,36,38,37,30,62,58,69,21
159,366921,695.0838709677419,70,555,5,21,1,2,5,1,10,9,11,5,35,165,39,38,42,35,59,52,70,20
160,603026,688.3204301075268,72,553,5,19,5,7,7,3,4,10,10,2,35,167,35,33,40,33,65,51,71,23
161,213059,684.732258064516,72,553,3,21,5,3,8,7,7,9,6,3,37,165,35,37,39,29,62,52,75,22
162,139643,684.752688172043,69,556,1,25,4,5,4,6,6,11,6,1,39,161,36,35,43,30,63,50,75,24
163,941683,688.4666666666667,71,554,7,16,7,3,3,8,10,8,8,1,33,170,33,37,44,28,59,53,73,24
164,630408,690.7408602150538,75,550,2,20,7,4,12,3,16,6,5,0,38,166,33,36,35,33,53,55,76,25
165,967531,692.6752688172041,73,552,3,19,2,12,5,8,3,9,8,4,37,167,38,28,42,28,66,52,73,21
166,718842,700.1881720430107,74,551,2,18,6,2,6,6,11,6,14,3,38,168,34,38,41,30,58,55,67,22
167,442669,694.4526881720429,72,553,4,22,1,3,6,4,10,11,10,1,36,164,39,37,41,32,59,50,71,24
168,515824,698.7129032258064,72,553,2,23,3,7,6,3,8,7,10,3,38,163,37,33,41,33,61,54,71,22
169,343230,699.4505376344086,72,553,4,20,3,4,7,4,5,10,13,2,36,166,37,36,40,32,64,51,68,23
170,513445,700.1892473118279,69,556,2,14,5,2,8,2,10,10,14,2,38,172,35,38,39,34,59,51,67,23
171,246242,687.8301075268818,74,551,6,29,2,7,6,1,10,6,5,2,34,157,38,33,41,35,59,55,76,23
172,609508,696.4204301075268,71,554,7,21,0,5,7,3,7,5,11,5,33,165,40,35,40,33,62,56,70,20
173,361151,696.7279569892473,70,555,2,22,3,6,7,4,5,7,11,3,38,164,37,34,40,32,64,54,70,22
174,959454,692.505376344086,73,552,2,21,3,2,8,5,8,10,9,5,38,165,37,38,39,31,61,51,72,20
175,353827,693.0569892473117,74,551,8,26,6,3,3,6,6,5,9,2,32,160,34,37,44,30,63,56,72,23
176,25294,692.4677419354839,72,553,7,21,4,5,5,8,9,5,4,4,33,165,36,35,42,28,60,56,77,21
177,54804,694.3193548387096,70,555,3,27,5,3,4,4,7,9,5,3,37,159,35,37,43,32,62,52,76,22
178,301498,696.5118279569891,65,560,2,19,7,5,3,4,8,6,9,2,38,167,33,35,44,32,61,55,72,23
179,820860,700.3451612903225,75,550,6,20,4,6,5,3,9,8,11,3,34,166,36,34,42,33,60,53,70,22
180,254931,693.9010752688171,69,556,2,20,5,4,6,6,7,6,10,3,38,166,35,36,41,30,62,55,71,22
181,545311,694.6817204301076,66,559,5,23,7,5,1,1,8,8,6,2,35,163,33,35,46,35,61,53,75,23
182,790456,692.6236559139784,70,555,6,20,6,6,5,3,7,8,7,2,34,166,34,34,42,33,62,53,74,23
183,88220,687.7247311827957,72,553,5,23,3,8,5,4,9,5,9,1,35,163,37,32,42,32,60,56,72,24
184,208850,698.0752688172042,72,553,4,17,4,5,9,6,6,6,12,3,36,169,36,35,38,30,63,55,69,22
185,147739,686.1322580645161,72,553,3,23,4,8,9,4,4,9,6,2,37,163,36,32,38,32,65,52,75,23
186,295156,702.6193548387097,71,554,6,17,3,2,4,9,8,7,12,3,34,169,37,38,43,27,61,54,69,22
187,502006,693.8720430107526,67,558,7,20,6,5,2,4,7,7,7,2,33,166,34,35,45,32,62,54,74,23
188,166976,688.5827956989247,72,553,6,22,2,3,6,3,11,11,6,2,34,164,38,37,41,33,58,50,75,23
189,491553,691.6860215053764,75,550,5,24,3,6,7,2,11,6,11,0,35,162,37,34,40,34,58,55,70,25
190,898387,700.6827956989248,75,550,4,24,6,2,3,5,7,10,10,4,36,162,34,38,44,31,62,51,71,21
191,217576,698.6344086021505,70,555,5,23,6,6,5,4,4,7,8,2,35,163,34,34,42,32,65,54,73,23
192,600506,690.7150537634409,65,560,5,17,1,5,7,4,12,5,6,3,35,169,39,35,40,32,57,56,75,22
193,991234,693.2569892473118,74,551,5,14,4,10,7,3,8,12,10,1,35,172,36,30,40,33,61,49,71,24
194,302386,693.3150537634408,65,560,2,20,2,4,7,6,4,7,10,3,38,166,38,36,40,30,65,54,71,22
195,471951,695.8935483870966,72,553,4,26,0,4,6,6,7,7,7,5,36,160,40,36,41,30,62,54,74,20
196,733071,691.9763440860215,69,556,4,22,4,7,3,0,11,4,10,4,36,164,36,33,44,36,58,57,71,21
197,874418,702.7494623655914,70,555,3,17,4,7,3,5,7,9,12,3,37,169,36,33,44,31,62,52,69,22
198,720464,692.0333333333333,73,552,7,20,8,1,3,10,10,5,4,5,33,166,32,39,44,26,59,56,77,20
199,407391,687.9666666666667,72,553,3,19,7,10,2,6,13,2,4,6,37,167,33,30,45,30,56,59,77,19
200,619202,696.5989247311827,70,555,3,27,7,1,6,3,7,7,8,1,37,159,33,39,41,33,62,54,73,24
201,840665,698.3612903225807,67,558,5,19,2,3,7,2,6,8,8,7,35,167,38,37,40,34,63,53,73,18
202,379740,680.9161290322581,69,556,5,21,8,3,4,5,10,6,6,1,35,165,32,37,43,31,59,55,75,24
203,937798,696.1010752688172,69,556,7,16,5,10,4,3,10,3,8,3,33,170,35,30,43,33,59,58,73,22
204,671494,686.6075268817204,77,548,2,19,9,4,8,6,10,9,9,1,38,167,31,36,39,30,59,52,72,24
205,373944,691.7774193548387,65,560,5,26,7,3,2,4,7,3,7,1,35,160,33,37,45,32,62,58,74,24
206,679302,695.6892473118279,72,553,2,29,4,6,5,3,7,6,8,2,38,157,36,34,42,33,62,55,73,23
207,592515,691.7290322580645,73,552,7,25,6,2,6,3,12,5,2,5,33,161,34,38,41,33,57,56,79,20
208,549041,689.4720430107525,74,551,5,26,0,4,7,7,10,4,7,4,35,160,40,36,40,29,59,57,74,21
209,590586,698.5150537634408,70,555,4,25,1,3,3,6,9,6,9,4,36,161,39,37,44,30,60,55,72,21
210,537558,687.6763440860213,75,550,7,27,3,4,8,7,6,4,8,1,33,159,37,36,39,29,63,57,73,24
211,572735,698.5741935483871,63,562,7,8,6,4,10,3,4,7,9,5,33,178,34,36,37,33,65,54,72,20
212,254840,695.0784946236558,71,554,5,17,5,4,6,5,12,5,6,6,35,169,35,36,41,31,57,56,75,19
213,513992,685.9666666666666,66,559,7,19,6,10,0,3,8,5,7,1,33,167,34,30,47,33,61,56,74,24
214,711064,690.6612903225805,71,554,6,25,4,3,4,7,6,4,10,2,34,161,36,37,43,29,63,57,71,23
215,613527,699.5462365591397,73,552,2,14,9,3,6,6,9,7,14,3,38,172,31,37,41,30,60,54,67,22
216,658084,686.8387096774193,76,549,6,20,4,7,8,6,13,6,5,1,34,166,36,33,39,30,56,55,76,24
217,350307,694.0376344086021,73,552,4,25,6,5,4,3,6,8,10,2,36,161,34,35,43,33,63,53,71,23
218,627693,689.7505376344086,75,550,7,19,6,4,7,5,8,8,8,3,33,167,34,36,40,31,61,53,73,22
219,597919,690.0612903225806,70,555,4,21,1,4,5,5,8,14,7,1,36,165,39,36,42,31,61,47,74,24
220,829621,691.2655913978494,72,553,4,22,6,5,8,1,5,6,14,1,36,164,34,35,39,35,64,55,67,24
221,160556,693.4086021505375,74,551,4,25,4,3,9,3,10,7,8,1,36,161,36,37,38,33,59,54,73,24
222,257534,686.3623655913979,70,555,3,20,7,4,1,7,8,8,8,4,37,166,33,36,46,29,61,53,73,21
223,642143,687.4774193548386,70,555,4,25,4,6,5,6,9,3,7,1,36,161,36,34,42,30,60,58,74,24
224,569433,699.8172043010752,69,556,1,19,6,5,7,3,8,8,10,2,39,167,34,35,40,33,61,53,71,23
225,587073,693.894623655914,73,552,4,21,1,4,5,4,15,9,7,3,36,165,39,36,42,32,54,52,74,22
226,336327,695.0075268817203,68,557,3,19,4,3,6,3,12,8,8,2,37,167,36,37,41,33,57,53,73,23
227,426129,689.8301075268816,70,555,8,16,6,7,6,3,7,7,9,1,32,170,34,33,41,33,62,54,72,24
228,158730,694.3505376344086,67,558,2,20,6,2,4,6,7,6,12,2,38,166,34,38,43,30,62,55,69,23
229,717353,699.2935483870967,69,556,8,17,3,2,3,5,6,5,16,4,32,169,37,38,44,31,63,56,65,21
230,378148,699.5236559139785,74,551,8,21,3,3,3,4,9,8,11,4,32,165,37,37,44,32,60,53,70,21
231,977630,688.6397849462367,73,552,6,24,5,5,2,3,11,7,8,2,34,162,35,35,45,33,58,54,73,23
232,304087,693.5666666666667,72,553,6,24,5,2,3,3,12,5,9,3,34,162,35,38,44,33,57,56,72,22
233,962783,691.4784946236558,71,554,4,19,4,2,8,4,5,6,13,6,36,167,36,38,39,32,64,55,68,19
234,140117,685.72688172043,67,558,3,15,9,3,3,6,8,9,10,1,37,171,31,37,44,30,61,52,71,24
235,105699,697.3516129032257,70,555,5,16,3,4,8,3,11,8,6,6,35,170,37,36,39,33,58,53,75,19
236,841172,704.5344086021505,71,554,2,12,4,2,7,4,11,7,17,5,38,174,36,38,40,32,58,54,64,20
237,918446,698.8129032258064,74,551,6,14,6,6,5,3,15,6,13,0,34,172,34,34,42,33,54,55,68,25
238,597013,690.3763440860214,69,556,9,19,8,2,1,7,6,8,8,1,31,167,32,38,46,29,63,53,73,24
239,701170,692.9494623655914,69,556,3,20,5,3,1,7,13,3,12,2,37,166,35,37,46,29,56,58,69,23
240,991671,696.237634408602,76,549,2,16,5,5,4,3,13,12,9,7,38,170,35,35,43,33,56,49,72,18
241,186125,692.1279569892473,71,554,5,23,7,5,5,5,5,7,8,1,35,163,33,35,42,31,64,54,73,24
242,594589,689.1623655913978,69,556,4,21,9,3,3,2,7,11,8,1,36,165,31,37,44,34,62,50,73,24
243,839273,698.1387096774193,71,554,5,13,2,5,6,5,13,11,9,2,35,173,38,35,41,31,56,50,72,23
244,634518,698.7860215053763,71,554,4,22,8,4,8,1,7,5,8,4,36,164,32,36,39,35,62,56,73,21
245,593423,691.5935483870967,71,554,4,15,7,3,7,2,14,7,9,3,36,171,33,37,40,34,55,54,72,22
246,385560,691.7139784946237,69,556,5,20,6,5,5,1,12,5,8,2,35,166,34,35,42,35,57,56,73,23
247,663577,695.1182795698925,73,552,3,26,3,5,6,4,12,2,9,3,37,160,37,35,41,32,57,59,72,22
248,184068,693.5204301075269,76,549,8,23,5,4,1,4,13,7,5,6,32,163,35,36,46,32,56,54,76,19
249,632541,689.0440860215053,73,552,2,19,3,7,8,2,7,10,10,5,38,167,37,33,39,34,62,51,71,20
250,409781,703.2956989247313,75,550,3,26,6,6,6,3,5,7,13,0,37,160,34,34,41,33,64,54,68,25
251,481517,694.9602150537635,74,551,2,22,5,4,9,3,10,8,9,2,38,164,35,36,38,33,59,53,72,23
252,429209,687.7709677419355,74,551,6,21,4,1,7,6,8,10,8,3,34,165,36,39,40,30,61,51,73,22
253,740214,691.947311827957,74,551,5,16,7,5,7,5,7,8,13,1,35,170,33,35,40,31,62,53,68,24
254,763069,691.0677419354838,71,554,5,19,7,2,3,2,10,10,9,4,35,167,33,38,44,34,59,51,72,21
255,169836,697.0311827956989,72,553,9,15,3,5,7,5,8,8,9,3,31,171,37,35,40,31,61,53,72,22
256,557404,690.831182795699,73,552,5,15,4,5,7,4,13,8,7,5,35,171,36,35,40,32,56,53,74,20
257,275930,692.5989247311827,70,555,11,9,4,3,5,5,10,10,11,2,29,177,36,37,42,31,59,51,70,23
258,734868,691.1924731182796,72,553,2,20,8,4,6,4,11,6,9,2,38,166,32,36,41,32,58,55,72,23
259,866321,695.3301075268816,68,557,4,22,6,7,3,1,8,6,9,2,36,164,34,33,44,35,61,55,72,23
260,246565,692.3010752688172,68,557,4,18,12,5,2,7,8,3,5,4,36,168,28,35,45,29,61,58,76,21
261,412148,702.7537634408602,71,554,8,16,5,6,11,1,5,7,11,1,32,170,35,34,36,35,64,54,70,24
262,554511,692.9666666666666,72,553,4,11,9,5,7,6,10,10,8,2,36,175,31,35,40,30,59,51,73,23
263,313117,698.963440860215,72,553,5,19,5,4,6,5,11,1,11,5,35,167,35,36,41,31,58,60,70,20
264,848574,692.7838709677419,71,554,6,15,4,6,8,13,6,7,2,4,34,171,36,34,39,23,63,54,79,21
265,152783,696.7989247311829,71,554,3,21,4,7,3,3,8,10,10,2,37,165,36,33,44,33,61,51,71,23
266,196482,695.3150537634408,71,554,7,15,5,4,4,4,13,3,9,7,33,171,35,36,43,32,56,58,72,18
267,723412,691.9935483870968,70,555,8,18,5,5,5,4,9,8,6,2,32,168,35,35,42,32,60,53,75,23
268,870699,697.0279569892473,75,550,3,23,4,5,9,4,6,10,8,3,37,163,36,35,38,32,63,51,73,22
269,857287,687.516129032258,69,556,3,20,7,7,3,6,8,3,7,5,37,166,33,33,44,30,61,58,74,20
270,149732,686.4150537634409,71,554,2,14,5,2,7,10,9,11,9,2,38,172,35,38,40,26,60,50,72,23
271,826500,691.9118279569891,70,555,0,22,3,3,5,6,6,7,15,3,40,164,37,37,42,30,63,54,66,22
272,249171,687.7720430107527,74,551,7,19,5,6,8,1,9,6,7,6,33,167,35,34,39,35,60,55,74,19
273,667663,694.4569892473119,73,552,4,19,4,9,6,2,7,9,11,2,36,167,36,31,41,34,62,52,70,23
274,480276,693.1924731182796,66,559,5,20,3,8,4,5,7,7,4,3,35,166,37,32,43,31,62,54,77,22
275,596361,691.379569892473,72,553,2,22,2,1,8,3,9,11,12,2,38,164,38,39,39,33,60,50,69,23
276,456040,694.4978494623656,74,551,3,22,5,6,6,7,13,3,9,0,37,164,35,34,41,29,56,58,72,25
277,443159,686.3247311827956,72,553,8,17,4,6,5,6,10,5,11,0,32,169,36,34,42,30,59,56,70,25
278,179279,697.4806451612903,70,555,6,17,2,4,7,5,3,7,15,4,34,169,38,36,40,31,66,54,66,21
279,373533,688.7978494623655,65,560,2,19,3,2,8,4,6,5,14,2,38,167,37,38,39,32,63,56,67,23
280,905757,692.116129032258,70,555,8,17,5,5,4,8,5,8,8,2,32,169,35,35,43,28,64,53,73,23
281,996314,688.3752688172042,67,558,7,14,6,5,6,4,8,7,7,3,33,172,34,35,41,32,61,54,74,22
282,863490,687.2193548387097,72,553,5,27,7,2,4,5,10,5,5,2,35,159,33,38,43,31,59,56,76,23
283,453025,699.8354838709677,72,553,7,23,3,2,7,1,11,6,12,0,33,163,37,38,40,35,58,55,69,25
284,829139,692.3870967741934,72,553,5,19,5,8,4,5,11,7,5,3,35,167,35,32,43,31,58,54,76,22
285,818364,693.1236559139786,71,554,5,20,5,3,10,3,13,6,5,1,35,166,35,37,37,33,56,55,76,24
286,569058,693.2602150537634,68,557,3,17,4,3,3,4,8,11,12,3,37,169,36,37,44,32,61,50,69,22
287,916102,684.458064516129,73,552,5,26,3,1,7,3,8,10,9,1,35,160,37,39,40,33,61,51,72,24
288,155327,683.3430107526882,73,552,2,25,4,5,5,6,9,7,7,3,38,161,36,35,42,30,60,54,74,22
289,236379,689.0193548387095,77,548,6,24,1,7,7,6,7,12,5,2,34,162,39,33,40,30,62,49,76,23
290,173336,691.0763440860215,68,557,4,19,2,4,4,4,9,9,9,4,36,167,38,36,43,32,60,52,72,21
291,552995,695.6440860215054,68,557,5,23,8,5,5,4,6,4,8,0,35,163,32,35,42,32,63,57,73,25
292,732873,698.7612903225805,75,550,4,16,3,7,8,7,12,6,10,2,36,170,37,33,39,29,57,55,71,23
293,952769,692.3860215053762,69,556,7,19,7,4,3,5,6,5,11,2,33,167,33,36,44,31,63,56,70,23
294,284486,701.3634408602151,70,555,2,16,6,6,8,6,6,3,14,3,38,170,34,34,39,30,63,58,67,22
295,577930,693.2956989247311,67,558,1,14,7,3,9,6,10,4,11,2,39,172,33,37,38,30,59,57,70,23
296,2851,699.8193548387097,70,555,5,25,6,3,4,3,4,10,6,4,35,161,34,37,43,33,65,51,75,21
297,504255,695.9129032258064,69,556,4,27,4,1,7,3,5,7,7,4,36,159,36,39,40,33,64,54,74,21
298,505971,699.6698924731182,71,554,3,18,2,7,8,3,5,12,9,4,37,168,38,33,39,33,64,49,72,21
299,417857,684.7311827956987,71,554,3,23,2,5,3,6,10,9,9,1,37,163,38,35,44,30,59,52,72,24
300,334980,685.483870967742,72,553,5,19,5,7,5,7,7,4,12,1,35,167,35,33,42,29,62,57,69,24
301,271628,697.9236559139783,75,550,0,19,2,4,4,4,15,10,12,5,40,167,38,36,43,32,54,51,69,20
302,839855,690.6096774193547,72,553,3,25,4,7,6,7,9,2,6,3,37,161,36,33,41,29,60,59,75,22
303,750909,694.4032258064516,72,553,8,21,4,1,6,6,10,7,6,3,32,165,36,39,41,30,59,54,75,22
304,585632,696.7537634408602,67,558,2,24,5,0,7,6,7,6,4,6,38,162,35,40,40,30,62,55,77,19
305,653398,701.3752688172042,71,554,7,19,6,2,6,4,8,6,11,2,33,167,34,38,41,32,61,55,70,23
306,21914,695.4247311827957,71,554,5,27,4,4,4,3,7,5,8,4,35,159,36,36,43,33,62,56,73,21
307,483273,684.0935483870967,71,554,5,27,1,0,7,5,11,5,6,4,35,159,39,40,40,31,58,56,75,21
308,421530,690.9279569892471,70,555,2,25,3,5,6,4,9,5,8,3,38,161,37,35,41,32,60,56,73,22
309,974325,703.2612903225806,70,555,4,19,6,10,4,7,5,6,8,1,36,167,34,30,43,29,64,55,73,24
310,740267,698.5806451612902,72,553,6,20,6,9,3,1,7,6,11,3,34,166,34,31,44,35,62,55,70,22
311,490940,696.3999999999999,65,560,6,22,4,4,7,1,4,6,8,3,34,164,36,36,40,35,65,55,73,22
312,171582,698.9913978494624,69,556,5,28,4,3,4,3,7,3,12,0,35,158,36,37,43,33,62,58,69,25
313,614648,694.9924731182795,71,554,2,20,3,6,6,2,6,13,11,2,38,166,37,34,41,34,63,48,70,23
314,824915,691.2408602150538,68,557,6,21,6,6,5,2,8,5,7,2,34,165,34,34,42,34,61,56,74,23
315,983476,689.3612903225805,69,556,3,23,7,5,5,2,5,6,9,4,37,163,33,35,42,34,64,55,72,21
316,49028,691.0860215053763,68,557,3,12,6,3,4,10,9,6,11,4,37,174,34,37,43,26,60,55,70,21
317,891282,698.8,68,557,3,21,4,5,6,5,8,6,8,2,37,165,36,35,41,31,61,55,73,23
318,362739,704.9225806451612,70,555,1,18,4,5,4,3,10,5,15,5,39,168,36,35,43,33,59,56,66,20
319,807964,692.4838709677418,70,555,3,20,6,4,8,3,5,10,9,2,37,166,34,36,39,33,64,51,72,23
320,836276,689.494623655914,73,552,3,23,3,2,3,7,7,9,10,6,37,163,37,38,44,29,62,52,71,19
321,989905,685.4010752688171,73,552,2,23,8,4,6,9,7,4,10,0,38,163,32,36,41,27,62,57,71,25
322,680155,692.6182795698924,74,551,10,20,5,2,10,5,10,5,5,2,30,166,35,38,37,31,59,56,76,23
323,25193,695.990322580645,65,560,7,19,2,5,0,6,6,7,9,4,33,167,38,35,47,30,63,54,72,21
324,137363,702.9333333333332,74,551,5,21,3,2,5,4,9,8,12,5,35,165,37,38,42,32,60,53,69,20
325,396387,699.0881720430107,71,554,4,19,5,3,5,7,6,5,16,1,36,167,35,37,42,29,63,56,65,24
326,138663,691.7010752688171,74,551,5,25,5,3,1,5,11,6,11,2,35,161,35,37,46,31,58,55,70,23
327,205908,695.3225806451612,74,551,5,21,3,8,4,5,9,6,10,3,35,165,37,32,43,31,60,55,71,22
328,15264,697.0494623655914,70,555,3,15,5,8,9,2,10,6,10,2,37,171,35,32,38,34,59,55,71,23
329,238696,688.5731182795698,71,554,6,19,3,5,9,2,4,12,7,4,34,167,37,35,38,34,65,49,74,21
330,30092,694.1096774193547,70,555,3,21,3,5,12,1,8,7,7,3,37,165,37,35,35,35,61,54,74,22
331,52180,701.0096774193548,70,555,6,23,2,2,7,4,12,3,8,3,34,163,38,38,40,32,57,58,73,22
332,59732,694.9526881720429,68,557,2,22,6,7,4,4,4,7,9,3,38,164,34,33,43,32,65,54,72,22
333,648284,695.1591397849462,70,555,1,21,3,5,9,5,4,9,10,3,39,165,37,35,38,31,65,52,71,22
334,334385,693.4978494623655,70,555,6,20,8,3,2,5,6,7,10,3,34,166,32,37,45,31,63,54,71,22
335,18719,695.8655913978494,71,554,2,22,4,4,9,2,9,12,6,1,38,164,36,36,38,34,60,49,75,24
336,560885,689.3440860215053,70,555,5,29,5,4,7,2,2,7,5,4,35,157,35,36,40,34,67,54,76,21
337,334772,698.32688172043,73,552,6,23,7,3,4,4,7,4,11,4,34,163,33,37,43,32,62,57,70,21
338,177640,697.1215053763441,75,550,3,28,6,2,10,2,8,8,7,1,37,158,34,38,37,34,61,53,74,24
339,460593,684.2612903225806,72,553,4,24,4,4,5,3,10,9,8,1,36,162,36,36,42,33,59,52,73,24
340,847580,693.0118279569892,74,551,6,12,3,4,11,5,11,8,9,5,34,174,37,36,36,31,58,53,72,20
341,513421,697.3118279569893,69,556,3,23,6,1,5,1,7,6,13,4,37,163,34,39,42,35,62,55,68,21
342,951313,696.1774193548388,67,558,3,25,4,7,4,3,3,7,10,1,37,161,36,33,43,33,66,54,71,24
343,363496,686.2333333333333,74,551,5,14,4,4,8,8,6,5,18,2,35,172,36,36,39,28,63,56,63,23
344,358771,692.9225806451612,69,556,3,18,4,5,6,2,9,8,11,3,37,168,36,35,41,34,60,53,70,22
345,793876,694.6483870967741,73,552,2,25,5,4,7,3,8,7,9,3,38,161,35,36,40,33,61,54,72,22
346,497575,680.3129032258064,71,554,6,31,9,1,3,3,6,7,4,1,34,155,31,39,44,33,63,54,77,24
347,714756,690.5354838709676,72,553,5,19,5,7,4,7,7,3,11,4,35,167,35,33,43,29,62,58,70,21
348,319983,695.0634408602151,76,549,8,22,6,7,8,4,6,7,8,0,32,164,34,33,39,32,63,54,73,25
349,970738,697.2172043010753,72,553,3,26,2,6,2,9,5,6,10,3,37,160,38,34,45,27,64,55,71,22
350,842730,695.5709677419354,72,553,4,25,2,1,10,6,4,11,6,3,36,161,38,39,37,30,65,50,75,22
351,263830,699.6258064516129,74,551,4,20,4,6,9,4,6,9,12,0,36,166,36,34,38,32,63,52,69,25
352,928662,700.7860215053763,75,550,6,18,3,7,8,3,8,7,12,3,34,168,37,33,39,33,61,54,69,22
353,8512,693.0215053763441,72,553,5,18,4,4,8,4,12,4,9,4,35,168,36,36,39,32,57,57,72,21
354,68292,687.8806451612903,74,551,5,18,2,1,6,5,10,11,9,7,35,168,38,39,41,31,59,50,72,18
355,552833,697.5784946236558,66,559,2,23,5,4,7,3,2,8,9,3,38,163,35,36,40,33,67,53,72,22
356,351204,699.1408602150536,70,555,5,15,5,3,9,4,8,5,16,0,35,171,35,37,38,32,61,56,65,25
357,894321,692.9731182795699,69,556,8,17,4,6,8,4,7,5,7,3,32,169,36,34,39,32,62,56,74,22
358,975003,687.332258064516,73,552,6,17,9,6,6,6,9,7,4,3,34,169,31,34,41,30,60,54,77,22
359,171730,701.6204301075269,74,551,6,20,6,7,3,5,7,9,10,1,34,166,34,33,44,31,62,52,71,24
360,468058,698.2247311827956,70,555,3,27,4,5,5,6,5,2,10,3,37,159,36,35,42,30,64,59,71,22
361,978672,691.0784946236558,69,556,6,19,7,3,7,2,8,6,3,8,34,167,33,37,40,34,61,55,78,17
362,403987,690.4129032258063,76,549,6,24,5,2,9,7,11,2,7,3,34,162,35,38,38,29,58,59,74,22
363,845910,703.5139784946236,72,553,3,19,5,4,6,8,8,7,8,4,37,167,35,36,41,28,61,54,73,21
364,413461,692.421505376344,77,548,3,28,6,1,4,4,7,10,11,3,37,158,34,39,43,32,62,51,70,22
365,69877,688.6172043010753,72,553,4,17,3,5,10,6,8,7,11,1,36,169,37,35,37,30,61,54,70,24
366,184641,690.2763440860215,74,551,3,26,9,3,3,5,6,11,6,2,37,160,31,37,44,31,63,50,75,23
367,331119,692.0440860215053,64,561,6,19,3,2,6,4,6,9,7,2,34,167,37,38,41,32,63,52,74,23
368,896022,694.9172043010751,74,551,6,19,4,4,5,6,6,7,14,3,34,167,36,36,42,30,63,54,67,22
369,799302,691.1516129032258,70,555,2,16,4,2,7,7,11,11,8,2,38,170,36,38,40,29,58,50,73,23
370,116526,690.7494623655914,75,550,2,21,8,0,6,3,13,9,11,2,38,165,32,40,41,33,56,52,70,23
371,210305,700.016129032258,76,549,5,18,5,4,2,2,10,7,20,3,35,168,35,36,45,34,59,54,61,22
372,309511,692.3763440860214,72,553,7,22,4,8,2,4,4,8,11,2,33,164,36,32,45,32,65,53,70,23
373,269979,691.9182795698924,68,557,4,19,5,5,6,3,5,6,14,1,36,167,35,35,41,33,64,55,67,24
374,834510,692.6365591397849,69,556,2,25,2,6,5,4,12,3,4,6,38,161,38,34,42,32,57,58,77,19
375,231238,685.052688172043,69,556,3,18,7,6,3,8,6,6,9,3,37,168,33,34,44,28,63,55,72,22
376,776972,697.6354838709678,71,554,9,15,2,5,3,8,7,12,8,2,31,171,38,35,44,28,62,49,73,23
377,589436,696.0333333333333,74,551,2,19,5,4,5,10,8,7,13,1,38,167,35,36,42,26,61,54,68,24
378,128963,693.2559139784946,71,554,8,22,4,3,8,3,7,6,6,4,32,164,36,37,39,33,62,55,75,21
379,281071,696.8978494623656,68,557,1,21,7,7,5,1,7,9,9,1,39,165,33,33,42,35,62,52,72,24
380,191216,700.3376344086021,74,551,2,26,7,3,5,2,10,5,13,1,38,160,33,37,42,34,59,56,68,24
381,39053,698.0623655913979,71,554,6,14,3,10,7,7,7,6,9,2,34,172,37,30,40,29,62,55,72,23
382,231227,693.452688172043,67,558,8,16,4,6,4,4,8,4,7,6,32,170,36,34,43,32,61,57,74,19
383,66596,694.0892473118279,74,551,5,22,7,3,3,3,11,8,10,2,35,164,33,37,44,33,58,53,71,23
384,180968,692.3956989247313,71,554,7,22,2,1,9,5,7,4,9,5,33,164,38,39,38,31,62,57,72,20
385,680603,699.8827956989246,69,556,5,11,2,2,9,4,12,7,8,9,35,175,38,38,38,32,57,54,73,16
386,101245,686.3569892473117,73,552,5,16,5,5,2,5,16,5,9,5,35,170,35,35,45,31,53,56,72,20
387,399966,699.068817204301,72,553,6,20,5,5,5,5,4,6,14,2,34,166,35,35,42,31,65,55,67,23
388,965720,699.1913978494624,68,557,3,19,3,5,4,4,13,5,9,3,37,167,37,35,43,32,56,56,72,22
389,401602,691.6258064516129,73,552,7,26,3,1,2,6,6,9,8,5,33,160,37,39,45,30,63,52,73,20
390,183330,690.9430107526882,71,554,8,22,7,6,4,4,6,6,5,3,32,164,33,34,43,32,63,55,76,22
391,323870,696.5118279569892,72,553,9,23,2,3,8,7,4,2,11,3,31,163,38,37,39,29,65,59,70,22
392,276984,695.1301075268817,76,549,5,26,1,6,6,5,4,7,11,5,35,160,39,34,41,31,65,54,70,20
393,346555,684.9677419354838,72,553,4,24,6,8,2,2,10,9,7,0,36,162,34,32,45,34,59,52,74,25
394,475790,688.6268817204301,71,554,6,20,5,5,6,2,9,4,12,2,34,166,35,35,41,34,60,57,69,23
395,928968,697.9096774193548,72,553,5,24,7,4,5,3,6,7,5,6,35,162,33,36,42,33,63,54,76,19
396,97906,690.5172043010751,73,552,2,19,3,9,7,7,10,3,10,3,38,167,37,31,40,29,59,58,71,22
397,994801,691.6430107526882,76,549,6,25,7,4,6,6,5,7,7,3,34,161,33,36,41,30,64,54,74,22
398,116748,690.2666666666667,70,555,6,24,6,5,6,5,6,5,4,3,34,162,34,35,41,31,63,56,77,22
399,892852,689.5419354838709,69,556,1,21,4,3,3,2,11,12,8,4,39,165,36,37,44,34,58,49,73,21
400,502514,696.920430107527,66,559,3,22,5,5,7,4,10,2,7,1,37,164,35,35,40,32,59,59,74,24
401,882985,695.1967741935484,71,554,2,18,3,4,2,7,14,7,12,2,38,168,37,36,45,29,55,54,69,23
402,412093,692.9752688172042,72,553,5,16,6,5,9,3,10,4,14,0,35,170,34,35,38,33,59,57,67,25
403,896385,680.8827956989246,76,549,6,27,4,6,2,2,7,10,7,5,34,159,36,34,45,34,62,51,74,20
404,439796,695.6032258064515,75,550,10,15,2,6,6,5,10,8,9,4,30,171,38,34,41,31,59,53,72,21
405,902827,697.5698924731182,71,554,3,24,6,10,2,4,8,4,8,2,37,162,34,30,45,32,61,57,73,23
406,945987,682.7225806451613,70,555,4,23,6,6,6,5,4,9,7,0,36,163,34,34,41,31,65,52,74,25
407,459335,688.7397849462366,71,554,5,19,5,6,5,9,8,6,6,2,35,167,35,34,42,27,61,55,75,23
408,252996,691.9451612903225,65,560,5,17,4,7,7,7,4,7,6,1,35,169,36,33,40,29,65,54,75,24
409,47053,701.5043010752687,72,553,5,24,5,3,8,3,8,5,9,2,35,162,35,37,39,33,61,56,72,23
410,411717,694.4419354838709,72,553,4,13,5,2,4,6,16,7,11,4,36,173,35,38,43,30,53,54,70,21
411,38360,691.4935483870968,69,556,4,23,6,0,4,3,8,6,10,5,36,163,34,40,43,33,61,55,71,20
412,581320,693.1043010752687,75,550,3,22,2,4,8,4,16,8,5,3,37,164,38,36,39,32,53,53,76,22
413,794323,700.2881720430106,72,553,7,19,8,5,4,3,3,7,14,2,33,167,32,35,43,33,66,54,67,23
414,385796,696.1301075268816,71,554,5,14,6,5,5,2,7,13,11,3,35,172,34,35,42,34,62,48,70,22
415,546580,700.5182795698925,67,558,5,11,6,6,5,3,5,9,12,5,35,175,34,34,42,33,64,52,69,20
416,28011,688.0204301075267,70,555,8,18,5,1,6,10,6,6,9,1,32,168,35,39,41,26,63,55,72,24
417,585925,703.0032258064515,69,556,3,24,3,2,8,5,8,6,10,0,37,162,37,38,39,31,61,55,71,25
418,964024,694.2086021505376,68,557,4,27,2,5,2,4,7,6,7,4,36,159,38,35,45,32,62,55,74,21
419,840092,687.5365591397849,72,553,1,20,5,8,7,3,11,8,8,1,39,166,35,32,40,33,58,53,73,24
420,372048,691.0268817204301,72,553,3,26,3,8,4,5,11,4,7,1,37,160,37,32,43,31,58,57,74,24
421,509287,690.7010752688171,73,552,5,17,5,5,13,6,8,6,7,1,35,169,35,35,34,30,61,55,74,24
422,366480,697.3881720430106,71,554,7,14,6,6,11,2,5,5,10,5,33,172,34,34,36,34,64,56,71,20
423,862936,696.805376344086,64,561,3,13,5,1,5,5,8,11,9,4,37,173,35,39,42,31,61,50,72,21
424,140173,694.410752688172,72,553,6,24,3,3,2,5,7,7,12,3,34,162,37,37,45,31,62,54,69,22
425,325946,691.010752688172,75,550,6,16,2,5,8,6,12,6,10,4,34,170,38,35,39,30,57,55,71,21
426,770937,688.0247311827957,69,556,3,22,9,6,6,3,10,6,3,1,37,164,31,34,41,33,59,55,78,24
427,218951,695.1580645161289,74,551,1,29,5,5,8,2,5,7,7,5,39,157,35,35,39,34,64,54,74,20
428,562125,687.1763440860216,65,560,4,23,3,3,5,4,5,6,8,4,36,163,37,37,42,32,64,55,73,21
429,889344,701.4795698924731,73,552,4,19,4,3,2,9,7,9,14,2,36,167,36,37,45,27,62,52,67,23
430,264482,699.5946236559139,72,553,9,15,2,5,7,5,9,5,11,4,31,171,38,35,40,31,60,56,70,21
431,275,693.8838709677419,67,558,5,21,4,1,2,5,8,5,13,3,35,165,36,39,45,31,61,56,68,22
432,638032,696.321505376344,67,558,4,15,5,5,6,4,10,4,12,2,36,171,35,35,41,32,59,57,69,23
433,956625,691.0956989247311,70,555,4,24,2,5,3,2,8,6,10,6,36,162,38,35,44,34,61,55,71,19
434,21921,703.0569892473119,74,551,4,23,4,5,3,0,11,2,19,3,36,163,36,35,44,36,58,59,62,22
435,89301,698.3602150537633,73,552,5,17,3,6,5,7,6,4,15,5,35,169,37,34,42,29,63,57,66,20
436,523509,693.1623655913978,66,559,2,25,2,6,5,3,8,7,6,2,38,161,38,34,42,33,61,54,75,23
437,249244,691.2387096774194,72,553,5,21,7,4,6,6,10,3,8,2,35,165,33,36,41,30,59,58,73,23
438,628290,696.552688172043,71,554,4,20,1,5,2,6,11,9,9,4,36,166,39,35,45,30,58,52,72,21
439,50034,705.6548387096774,68,557,4,22,5,6,2,6,6,5,10,2,36,164,35,34,45,30,63,56,71,23
440,818492,697.3838709677418,73,552,8,20,6,5,10,3,3,5,11,2,32,166,34,35,37,33,66,56,70,23
441,277887,701.1397849462364,67,558,5,25,3,7,6,2,3,10,3,3,35,161,37,33,41,34,66,51,78,22
442,452210,694.6989247311828,69,556,6,10,6,7,5,7,7,11,8,2,34,176,34,33,42,29,62,50,73,23
443,203195,695.9161290322579,74,551,6,19,3,4,4,6,12,8,11,1,34,167,37,36,43,30,57,53,70,24
444,965887,695.4064516129032,71,554,4,21,3,3,5,5,12,7,7,4,36,165,37,37,42,31,57,54,74,21
445,687097,694.2161290322581,65,560,5,17,1,7,7,9,3,7,8,1,35,169,39,33,40,27,66,54,73,24
446,992656,700.8376344086021,74,551,11,18,4,6,5,4,7,7,10,2,29,168,36,34,42,32,62,54,71,23
447,929162,690.7387096774194,69,556,6,25,5,1,6,5,8,2,10,1,34,161,35,39,41,31,61,59,71,24
448,22309,697.1075268817206,73,552,5,22,7,8,5,5,6,5,9,1,35,164,33,32,42,31,63,56,72,24
449,849799,691.4053763440859,77,548,3,31,2,1,2,6,6,10,12,4,37,155,38,39,45,30,63,51,69,21
450,903071,697.5290322580645,65,560,5,14,5,3,7,4,5,8,10,4,35,172,35,37,40,32,64,53,71,21
451,837522,692.621505376344,73,552,1,26,6,4,6,5,6,5,9,5,39,160,34,36,41,31,63,56,72,20
452,880814,694.1870967741936,70,555,9,15,2,5,7,3,9,12,7,1,31,171,38,35,40,33,60,49,74,24
453,413079,698.2978494623655,73,552,6,17,2,4,6,4,14,5,11,4,34,169,38,36,41,32,55,56,70,21
454,989948,686.8139784946236,73,552,5,23,4,2,2,7,8,13,6,3,35,163,36,38,45,29,61,48,75,22
455,663396,698.6172043010752,75,550,4,15,3,6,7,6,5,9,17,3,36,171,37,34,40,30,64,52,64,22
456,690841,695.9666666666666,75,550,4,25,2,5,5,6,10,4,10,4,36,161,38,35,42,30,59,57,71,21
457,842555,694.4258064516127,74,551,2,22,3,7,5,4,13,7,9,2,38,164,37,33,42,32,56,54,72,23
458,19200,694.6967741935484,73,552,6,20,7,6,8,0,7,9,9,1,34,166,33,34,39,36,62,52,72,24
459,713056,702.0387096774193,66,559,7,16,5,6,2,6,6,7,4,7,33,170,35,34,45,30,63,54,77,18
460,178220,693.3021505376342,71,554,5,20,5,4,8,3,9,6,10,1,35,166,35,36,39,33,60,55,71,24
461,385915,688.852688172043,71,554,5,25,4,7,4,1,8,6,7,4,35,161,36,33,43,35,61,55,74,21
462,988941,692.8150537634408,69,556,5,17,4,2,6,6,9,6,10,4,35,169,36,38,41,30,60,55,71,21
463,985338,694.5989247311827,75,550,6,21,5,4,8,7,8,5,10,1,34,165,35,36,39,29,61,56,71,24
464,185063,696.6118279569891,73,552,5,17,4,4,4,6,12,5,15,1,35,169,36,36,43,30,57,56,66,24
465,354895,700.5612903225806,72,553,5,23,4,4,2,1,9,10,12,2,35,163,36,36,45,35,60,51,69,23
466,567895,690.1978494623656,70,555,3,25,4,4,2,6,8,8,7,3,37,161,36,36,45,30,61,53,74,22
467,601039,685.7440860215053,72,553,2,21,2,2,11,5,12,9,6,2,38,165,38,38,36,31,57,52,75,23
468,176688,698.8344086021505,76,549,8,21,5,5,4,4,9,8,9,3,32,165,35,35,43,32,60,53,72,22
469,477239,697.4978494623656,73,552,4,22,3,4,6,5,11,5,11,2,36,164,37,36,41,31,58,56,70,23
470,842179,695.0774193548388,75,550,7,17,5,4,8,4,10,5,14,1,33,169,35,36,39,32,59,56,67,24
471,914122,697.8881720430109,76,549,4,21,8,4,4,3,10,5,14,3,36,165,32,36,43,33,59,56,67,22
472,461955,689.4752688172043,68,557,4,19,7,5,7,5,9,5,7,0,36,167,33,35,40,31,60,56,74,25
473,245248,701.1483870967741,68,557,3,16,4,2,3,9,10,8,7,6,37,170,36,38,44,27,59,53,74,19
474,609447,688.4526881720429,71,554,4,17,5,3,11,1,7,11,9,3,36,169,35,37,36,35,62,50,72,22
475,943054,694.1827956989246,76,549,4,18,6,8,7,2,8,8,13,2,36,168,34,32,40,34,61,53,68,23
476,791224,695.1344086021505,71,554,6,22,2,3,7,5,8,4,11,3,34,164,38,37,40,31,61,57,70,22
477,510680,696.3086021505376,68,557,2,21,1,2,9,6,7,5,13,2,38,165,39,38,38,30,62,56,68,23
478,841926,682.7537634408601,69,556,2,21,7,2,6,7,9,8,5,2,38,165,33,38,41,29,60,53,76,23
479,663957,690.4419354838709,69,556,7,19,5,2,4,4,8,12,6,2,33,167,35,38,43,32,61,49,75,23
480,722621,692.9301075268816,71,554,5,22,2,6,4,5,8,8,8,3,35,164,38,34,43,31,61,53,73,22
481,599078,696.637634408602,66,559,6,20,2,3,7,6,7,2,11,2,34,166,38,37,40,30,62,59,70,23
482,852114,692.8924731182796,72,553,9,14,7,7,6,5,9,4,8,3,31,172,33,33,41,31,60,57,73,22
483,483244,695.6806451612903,68,557,8,15,1,5,6,8,12,4,7,2,32,171,39,35,41,28,57,57,74,23
484,862511,693.2978494623655,76,549,3,28,5,2,6,2,12,6,9,3,37,158,35,38,41,34,57,55,72,22
485,892060,698.3537634408602,76,549,8,22,7,4,8,2,8,6,8,3,32,164,33,36,39,34,61,55,73,22
486,394364,691.1763440860213,75,550,5,26,3,3,8,7,8,4,9,2,35,160,37,37,39,29,61,57,72,23
487,637416,692.8967741935484,75,550,5,22,5,4,7,6,8,6,10,2,35,164,35,36,40,30,61,55,71,23
488,118124,694.9731182795699,74,551,7,23,4,3,12,6,7,8,4,0,33,163,36,37,35,30,62,53,77,25
489,520530,689.5204301075269,70,555,2,20,5,5,10,4,7,8,8,1,38,166,35,35,37,32,62,53,73,24
490,557499,691.1387096774192,71,554,3,17,5,7,11,1,13,3,9,2,37,169,35,33,36,35,56,58,72,23
491,653912,696.863440860215,71,554,5,18,2,4,8,4,13,6,9,2,35,168,38,36,39,32,56,55,72,23
492,188438,691.5774193548385,71,554,3,27,1,2,10,3,12,4,6,3,37,159,39,38,37,33,57,57,75,22
493,253981,693.3161290322581,74,551,2,23,3,4,7,5,7,11,9,3,38,163,37,36,40,31,62,50,72,22
494,428224,687.9236559139785,68,557,2,27,1,5,1,3,8,6,11,4,38,159,39,35,46,33,61,55,70,21
495,196371,692.0021505376344,73,552,6,16,6,6,2,3,6,12,12,4,34,170,34,34,45,33,63,49,69,21
496,97659,688.2483870967742,76,549,4,9,10,8,8,6,5,11,8,7,36,177,30,32,39,30,64,50,73,18
497,34148,693.6602150537635,72,553,6,20,4,2,5,6,8,7,10,4,34,166,36,38,42,30,61,54,71,21
498,554542,693.4053763440859,74,551,4,13,7,4,5,3,16,12,9,1,36,173,33,36,42,33,53,49,72,24
499,900229,688.2784946236559,75,550,12,23,2,3,10,3,8,8,6,0,28,163,38,37,37,33,61,53,75,25
500,43706,696.0494623655914,68,557,10,17,4,6,7,2,8,4,10,0,30,169,36,34,40,34,61,57,71,25
501,513077,696.3752688172042,69,556,5,21,1,1,8,4,9,10,10,0,35,165,39,39,39,32,60,51,71,25
502,654340,688.7129032258063,71,554,4,21,7,4,2,5,10,8,7,3,36,165,33,36,45,31,59,53,74,22
503,352898,703.3494623655914,73,552,2,24,4,5,3,6,7,7,14,1,38,162,36,35,44,30,62,54,67,24
504,287227,693.5774193548386,74,551,4,18,2,5,8,6,7,10,9,5,36,168,38,35,39,30,62,51,72,20
505,9945,695.6473118279569,72,553,3,16,4,8,7,4,7,12,8,3,37,170,36,32,40,32,62,49,73,22
506,457970,706.1096774193547,71,554,7,17,2,10,2,5,10,3,14,1,33,169,38,30,45,31,59,58,67,24
507,633296,699.7225806451612,74,551,4,28,2,4,6,4,5,12,7,2,36,158,38,36,41,32,64,49,74,23
508,726139,687.652688172043,66,559,8,26,2,0,7,3,5,5,7,3,32,160,38,40,40,33,64,56,74,22
509,255534,691.9494623655913,75,550,8,19,2,4,10,5,11,8,7,1,32,167,38,36,37,31,58,53,74,24
510,219271,697.4645161290323,72,553,3,18,5,1,5,6,11,8,11,4,37,168,35,39,42,30,58,53,70,21
511,237732,689.321505376344,70,555,5,20,4,7,5,0,10,6,11,2,35,166,36,33,42,36,59,55,70,23
512,690975,691.2924731182795,74,551,3,18,10,5,3,7,11,11,3,3,37,168,30,35,44,29,58,50,78,22
513,580132,693.1548387096774,74,551,4,16,3,10,8,6,9,4,10,4,36,170,37,30,39,30,60,57,71,21
514,537926,689.8096774193548,74,551,3,24,5,6,10,2,7,7,8,2,37,162,35,34,37,34,62,54,73,23
515,963328,697.2430107526882,71,554,7,26,6,3,2,3,10,4,9,1,33,160,34,37,45,33,59,57,72,24
516,264118,695.4451612903225,66,559,4,22,1,5,2,6,5,8,11,2,36,164,39,35,45,30,64,53,70,23
517,506183,695.8774193548387,69,556,5,17,5,4,2,5,11,9,9,2,35,169,35,36,45,31,58,52,72,23
518,524902,704.9150537634409,69,556,2,21,5,0,2,3,7,8,19,2,38,165,35,40,45,33,62,53,62,23
519,997797,695.5043010752688,72,553,7,25,6,3,6,6,2,5,8,4,33,161,34,37,41,30,67,56,73,21
520,279910,694.2860215053763,73,552,4,19,6,5,7,3,7,4,15,3,36,167,34,35,40,33,62,57,66,22
521,816938,687.6376344086021,76,549,8,24,5,5,7,5,6,8,7,1,32,162,35,35,40,31,63,53,74,24
522,949252,695.8451612903225,69,556,3,21,5,9,5,3,6,7,7,3,37,165,35,31,42,33,63,54,74,22
523,566563,691.7032258064514,74,551,2,21,6,5,6,3,12,6,13,0,38,165,34,35,41,33,57,55,68,25
524,678242,694.9182795698923,76,549,5,25,4,4,5,7,10,2,9,5,35,161,36,36,42,29,59,59,72,20
525,904500,689.3462365591398,70,555,4,19,7,3,4,4,13,7,7,2,36,167,33,37,43,32,56,54,74,23
526,823434,699.310752688172,74,551,6,22,5,2,8,3,3,11,11,3,34,164,35,38,39,33,66,50,70,22
527,200189,696.3387096774193,72,553,7,13,2,6,11,4,9,4,14,2,33,173,38,34,36,32,60,57,67,23
528,94079,692.1118279569891,68,557,4,25,5,4,2,5,5,4,11,3,36,161,35,36,45,31,64,57,70,22
529,902868,694.474193548387,70,555,3,19,5,4,8,5,5,8,8,5,37,167,35,36,39,31,64,53,73,20
530,203372,688.9731182795699,72,553,2,23,4,2,9,3,9,14,4,2,38,163,36,38,38,33,60,47,77,23
531,915745,693.0365591397849,74,551,8,23,4,4,4,3,10,6,11,1,32,163,36,36,43,33,59,55,70,24
532,818960,691.1376344086021,69,556,3,28,3,5,3,4,5,5,11,2,37,158,37,35,44,32,64,56,70,23
533,36186,694.941935483871,73,552,3,16,8,6,7,4,13,6,9,1,37,170,32,34,40,32,56,55,72,24
534,538597,695.8139784946236,70,555,5,26,4,6,6,2,7,6,7,1,35,160,36,34,41,34,62,55,74,24
535,993053,699.0215053763441,70,555,4,23,7,1,7,5,9,3,10,1,36,163,33,39,40,31,60,58,71,24
536,346964,696.9913978494623,65,560,4,20,3,5,4,5,8,6,8,2,36,166,37,35,43,31,61,55,73,23
537,834490,694.6505376344086,63,562,7,13,4,2,7,3,8,6,5,8,33,173,36,38,40,33,61,55,76,17
538,861448,690.5290322580644,75,550,7,23,6,5,6,4,5,5,10,4,33,163,34,35,41,32,64,56,71,21
539,616391,696.4053763440861,73,552,3,19,5,8,11,7,8,3,9,0,37,167,35,32,36,29,61,58,72,25
540,659892,699.6698924731182,71,554,4,21,5,3,6,6,10,6,8,2,36,165,35,37,41,30,59,55,73,23
541,729909,680.7978494623655,72,553,5,28,6,6,7,7,3,2,7,1,35,158,34,34,40,29,66,59,74,24
542,83909,692.2451612903226,69,556,6,21,5,4,4,5,9,5,7,3,34,165,35,36,43,31,60,56,74,22
543,476266,686.6655913978493,69,556,3,15,3,6,7,7,4,9,11,4,37,171,37,34,40,29,65,52,70,21
544,770677,695.6161290322581,69,556,8,19,5,3,2,6,10,3,8,5,32,167,35,37,45,30,59,58,73,20
545,83441,702.8655913978496,68,557,0,20,6,1,12,1,9,6,9,4,40,166,34,39,35,35,60,55,72,21
546,136507,694.6408602150537,66,559,8,12,4,6,6,6,5,8,10,1,32,174,36,34,41,30,64,53,71,24
547,793665,702.6225806451612,70,555,8,16,5,1,1,6,10,4,10,9,32,170,35,39,46,30,59,57,71,16
548,757323,693.2548387096774,67,558,5,18,3,6,4,6,7,4,10,4,35,168,37,34,43,30,62,57,71,21
549,730456,689.8774193548387,70,555,2,23,5,8,8,3,6,6,8,1,38,163,35,32,39,33,63,55,73,24
550,318291,692.4344086021505,76,549,3,29,6,1,1,3,17,6,9,1,37,157,34,39,46,33,52,55,72,24
551,785661,686.8,74,551,1,23,5,4,6,3,14,9,7,2,39,163,35,36,41,33,55,52,74,23
552,492839,700.074193548387,74,551,7,12,8,4,7,5,8,9,10,4,33,174,32,36,40,31,61,52,71,21
553,391339,694.5752688172042,64,561,4,18,3,5,6,3,8,5,8,4,36,168,37,35,41,33,61,56,73,21
554,511634,687.6591397849461,71,554,7,22,6,5,7,2,9,3,8,2,33,164,34,35,40,34,60,58,73,23
555,227649,696.7709677419355,69,556,5,20,3,9,2,4,8,6,10,2,35,166,37,31,45,32,61,55,71,23
556,594929,690.4107526881719,71,554,4,22,6,5,5,3,7,10,7,2,36,164,34,35,42,33,62,51,74,23
557,966193,694.6354838709676,70,555,4,19,3,4,4,5,3,11,10,7,36,167,37,36,43,31,66,50,71,18
558,480294,694.9752688172041,68,557,4,19,6,3,2,8,9,6,7,4,36,167,34,37,45,28,60,55,74,21
559,588615,694.716129032258,72,553,9,19,6,5,6,2,9,5,9,2,31,167,34,35,41,34,60,56,72,23
560,141331,700.1397849462364,72,553,3,25,4,6,7,4,8,2,12,1,37,161,36,34,40,32,61,59,69,24
561,582796,693.710752688172,72,553,4,16,4,3,7,2,10,11,13,2,36,170,36,37,40,34,59,50,68,23
562,875561,692.7548387096774,70,555,6,24,1,2,3,5,7,4,12,6,34,162,39,38,44,31,62,57,69,19
563,755104,691.4838709677418,69,556,4,24,7,2,6,5,8,6,5,2,36,162,33,38,41,31,61,55,76,23
564,671214,694.2924731182795,71,554,5,16,5,5,7,6,7,7,12,1,35,170,35,35,40,30,62,54,69,24
565,614759,685.4548387096773,72,553,4,29,4,2,7,3,8,5,4,6,36,157,36,38,40,33,61,56,77,19
566,320085,695.2870967741936,74,551,7,21,4,3,8,2,7,8,9,5,33,165,36,37,39,34,62,53,72,20
567,130273,691.3978494623656,72,553,8,19,9,3,6,6,6,4,9,2,32,167,31,37,41,30,63,57,72,23
568,475856,693.7096774193549,72,553,4,23,3,7,4,6,3,6,12,4,36,163,37,33,43,30,66,55,69,21
569,248958,690.0021505376343,72,553,5,27,5,6,3,1,5,7,10,3,35,159,35,34,44,35,64,54,71,22
570,79601,688.4419354838709,71,554,7,24,2,7,2,2,6,7,10,4,33,162,38,33,45,34,63,54,71,21
571,689825,693.4602150537635,69,556,5,15,5,7,9,2,9,9,6,2,35,171,35,33,38,34,60,52,75,23
572,511118,689.4053763440859,70,555,5,19,3,1,10,6,8,8,6,4,35,167,37,39,37,30,61,53,75,21
573,625817,687.2720430107527,73,552,3,20,3,3,8,4,14,6,10,2,37,166,37,37,39,32,55,55,71,23
574,471647,697.9494623655913,68,557,5,22,5,4,3,4,5,7,10,3,35,164,35,36,44,32,64,54,71,22
575,534171,700.894623655914,66,559,4,19,3,5,4,3,8,4,11,5,36,167,37,35,43,33,61,57,70,20
576,853887,693.8021505376344,70,555,6,22,6,5,6,4,7,3,8,3,34,164,34,35,41,32,62,58,73,22
577,415153,692.9215053763439,71,554,4,18,8,5,7,6,3,8,7,5,36,168,32,35,40,30,66,53,74,20
578,356602,694.0483870967741,69,556,2,27,2,4,4,3,9,7,9,2,38,159,38,36,43,33,60,54,72,23
579,434499,694.0268817204302,74,551,6,22,4,6,5,4,6,7,10,4,34,164,36,34,42,32,63,54,71,21
580,61186,696.3344086021505,73,552,4,19,6,6,5,2,10,9,9,3,36,167,34,34,42,34,59,52,72,22
581,999972,695.0935483870967,73,552,6,20,4,4,7,4,7,10,10,1,34,166,36,36,40,32,62,51,71,24
582,21637,698.1225806451613,70,555,3,19,8,7,6,4,4,4,14,1,37,167,32,33,41,32,65,57,67,24
583,378471,698.4494623655914,73,552,4,16,5,4,8,9,9,6,9,3,36,170,35,36,39,27,60,55,72,22
584,617222,693.8838709677419,69,556,4,22,4,10,6,2,6,4,7,4,36,164,36,30,41,34,63,57,74,21
585,326111,697.668817204301,72,553,7,21,5,3,5,1,9,6,11,4,33,165,35,37,42,35,60,55,70,21
586,241610,693.658064516129,71,554,1,28,4,5,4,4,8,4,9,4,39,158,36,35,43,32,61,57,72,21
587,660382,693.5505376344086,70,555,4,22,2,5,4,3,6,9,10,5,36,164,38,35,43,33,63,52,71,20
588,14022,697.5,73,552,1,22,1,1,5,5,11,9,13,5,39,164,39,39,42,31,58,52,68,20
589,608339,700.4387096774193,73,552,7,17,3,7,3,2,13,9,10,2,33,169,37,33,44,34,56,52,71,23
590,112899,696.7731182795699,73,552,3,17,7,7,3,8,5,8,13,2,37,169,33,33,44,28,64,53,68,23
591,219608,697.247311827957,73,552,1,18,4,3,3,3,13,12,14,2,39,168,36,37,44,33,56,49,67,23
592,659226,690.4913978494624,71,554,10,11,5,3,3,7,9,7,10,6,30,175,35,37,44,29,60,54,71,19
593,496387,694.1129032258063,72,553,6,17,5,2,8,3,8,6,12,5,34,169,35,38,39,33,61,55,69,20
594,881880,694.4978494623656,68,557,4,21,4,0,11,3,8,7,9,1,36,165,36,40,36,33,61,54,72,24
595,302130,699.6075268817204,71,554,4,18,2,11,4,4,10,4,10,4,36,168,38,29,43,32,59,57,71,21
596,864860,693.6086021505375,76,549,2,21,7,6,9,6,11,6,8,0,38,165,33,34,38,30,58,55,73,25
597,141759,691.3967741935484,70,555,4,16,6,4,3,8,4,14,8,3,36,170,34,36,44,28,65,47,73,22
598,516901,692.6419354838708,71,554,6,20,8,4,4,4,5,7,12,1,34,166,32,36,43,32,64,54,69,24
599,632954,685.2225806451613,73,552,3,31,6,4,4,5,4,6,8,2,37,155,34,36,43,31,65,55,73,23
600,687682,688.7709677419355,72,553,5,22,6,3,4,5,8,3,13,3,35,164,34,37,43,31,61,58,68,22
601,211111,694.2032258064517,72,553,3,20,4,3,4,7,11,12,5,3,37,166,36,37,43,29,58,49,76,22
602,139053,690.9107526881721,66,559,7,18,6,2,4,8,6,4,5,6,33,168,34,38,43,28,63,57,76,19
603,863882,703.7397849462366,67,558,2,19,3,4,7,8,3,9,11,1,38,167,37,36,40,28,66,52,70,24
604,455684,690.9870967741936,68,557,7,19,5,5,2,4,12,6,7,1,33,167,35,35,45,32,57,55,74,24
605,852153,697.2720430107527,71,554,5,20,3,3,3,8,12,7,7,3,35,166,37,37,44,28,57,54,74,22
606,520122,692.0849462365591,72,553,4,18,6,1,5,7,12,6,10,3,36,168,34,39,42,29,57,55,71,22
607,592716,692.5,70,555,3,17,8,4,11,3,7,4,10,3,37,169,32,36,36,33,62,57,71,22
608,496973,690.7494623655914,70,555,5,14,3,2,5,7,10,9,14,1,35,172,37,38,42,29,59,52,67,24
609,227780,689.7354838709678,69,556,6,19,3,3,8,6,9,6,7,2,34,167,37,37,39,30,60,55,74,23
610,243276,700.4236559139785,69,556,4,16,8,3,5,4,6,8,14,1,36,170,32,37,42,32,63,53,67,24
611,950903,695.2946236559139,72,553,3,20,7,3,6,3,11,8,7,4,37,166,33,37,41,33,58,53,74,21
612,304038,693.7978494623655,63,562,9,19,2,3,5,6,6,5,6,2,31,167,38,37,42,30,63,56,75,23
613,855705,701.7053763440861,70,555,2,22,6,3,6,3,7,7,12,2,38,164,34,37,41,33,62,54,69,23
614,809649,695.2795698924731,71,554,4,24,5,3,3,3,9,4,9,7,36,162,35,37,44,33,60,57,72,18
615,483010,699.4150537634407,70,555,5,15,7,3,4,7,14,3,10,2,35,171,33,37,43,29,55,58,71,23
616,951589,694.3440860215054,73,552,3,21,5,7,4,3,12,7,8,3,37,165,35,33,43,33,57,54,73,22
617,9246,692.4408602150536,75,550,6,21,5,2,3,6,11,8,8,5,34,165,35,38,44,30,58,53,73,20
618,468832,686.0419354838709,73,552,7,18,6,7,1,10,8,5,10,1,33,168,34,33,46,26,61,56,71,24
619,547685,698.0591397849462,72,553,1,25,5,3,2,4,12,7,11,2,39,161,35,37,45,32,57,54,70,23
620,37338,690.9612903225806,74,551,7,25,3,4,3,3,8,11,8,2,33,161,37,36,44,33,61,50,73,23
621,770008,692.4569892473118,72,553,3,23,5,3,3,4,7,10,9,5,37,163,35,37,44,32,62,51,72,20
622,218224,697.1806451612903,69,556,4,18,3,3,9,3,11,7,9,2,36,168,37,37,38,33,58,54,72,23
623,761129,692.2053763440861,70,555,0,16,5,6,6,8,10,4,11,4,40,170,35,34,41,28,59,57,70,21
624,275838,701.936559139785,72,553,5,16,9,4,7,5,6,7,11,2,35,170,31,36,40,31,63,54,70,23
625,16947,694.5838709677419,74,551,6,20,5,8,6,3,8,9,6,3,34,166,35,32,41,33,61,52,75,22
626,60382,697.316129032258,73,552,4,20,4,5,1,7,11,3,13,5,36,166,36,35,46,29,58,58,68,20
627,839862,695.9440860215053,68,557,2,19,5,4,6,4,10,8,8,2,38,167,35,36,41,32,59,53,73,23
628,607613,696.9096774193548,73,552,5,24,3,1,4,5,6,7,15,3,35,162,37,39,43,31,63,54,66,22
629,751381,698.0731182795698,71,554,7,21,3,7,5,5,5,7,9,2,33,165,37,33,42,31,64,54,72,23
630,544691,688.7817204301075,73,552,1,18,5,7,4,4,13,7,11,3,39,168,35,33,43,32,56,54,70,22
631,384831,695.8559139784945,72,553,3,22,5,4,4,8,7,9,6,4,37,164,35,36,43,28,62,52,75,21
632,733260,690.8505376344085,71,554,3,24,0,6,7,7,5,9,8,2,37,162,40,34,40,29,64,52,73,23
633,118414,691.3354838709677,74,551,3,26,2,3,7,5,9,5,12,2,37,160,38,37,40,31,60,56,69,23
634,942465,691.8860215053762,74,551,4,31,3,2,8,2,7,9,8,0,36,155,37,38,39,34,62,52,73,25
635,508523,693.5612903225806,69,556,8,17,6,5,5,1,7,10,9,1,32,169,34,35,42,35,62,51,72,24
636,574335,692.3301075268818,75,550,3,24,5,4,2,5,7,12,9,4,37,162,35,36,45,31,62,49,72,21
637,153707,693.5290322580645,71,554,3,22,5,2,5,5,9,9,10,1,37,164,35,38,42,31,60,52,71,24
638,605482,697.9903225806452,75,550,3,21,5,7,6,6,5,6,11,5,37,165,35,33,41,30,64,55,70,20
639,767513,688.9333333333332,74,551,7,21,2,5,2,9,11,8,9,0,33,165,38,35,45,27,58,53,72,25
640,318076,697.7526881720429,76,549,4,16,9,6,4,5,8,9,13,2,36,170,31,34,43,31,61,52,68,23
641,735163,701.3344086021505,73,552,2,25,1,5,5,6,13,4,11,1,38,161,39,35,42,30,56,57,70,24
642,933561,690.8204301075268,72,553,7,21,5,3,5,6,5,8,10,2,33,165,35,37,42,30,64,53,71,23
643,648726,695.2161290322581,70,555,6,24,5,5,7,2,5,10,6,0,34,162,35,35,40,34,64,51,75,25
644,268358,704.3129032258063,72,553,3,23,3,1,2,11,9,6,11,3,37,163,37,39,45,25,60,55,70,22
645,853179,693.694623655914,68,557,3,22,5,8,6,3,6,6,6,3,37,164,35,32,41,33,63,55,75,22
646,12146,692.7548387096773,66,559,5,26,4,4,2,8,6,5,6,0,35,160,36,36,45,28,63,56,75,25
647,82142,699.8376344086021,65,560,8,18,3,4,3,8,4,6,8,3,32,168,37,36,44,28,65,55,73,22
648,492578,690.0053763440859,74,551,5,24,6,1,4,2,8,8,12,4,35,162,34,39,43,34,61,53,69,21
649,484960,690.9602150537634,74,551,7,26,6,3,2,4,10,5,8,3,33,160,34,37,45,32,59,56,73,22
650,697334,698.4096774193547,72,553,2,20,6,4,8,4,12,6,6,4,38,166,34,36,39,32,57,55,75,21
651,173970,701.6645161290321,72,553,2,17,5,7,1,6,9,7,13,5,38,169,35,33,46,30,60,54,68,20
652,259186,685.4387096774194,78,547,3,23,4,6,8,6,9,7,7,5,37,163,36,34,39,30,60,54,74,20
653,537426,703.4258064516129,74,551,5,17,2,5,6,6,6,9,16,2,35,169,38,35,41,30,63,52,65,23
654,847064,694.4645161290322,69,556,6,19,2,7,5,2,6,10,8,4,34,167,38,33,42,34,63,51,73,21
655,319407,695.1258064516129,70,555,2,16,3,9,4,5,9,10,9,3,38,170,37,31,43,31,60,51,72,22
656,637266,692.0827956989247,73,552,2,26,3,5,5,5,4,7,13,3,38,160,37,35,42,31,65,54,68,22
657,413592,689.3311827956989,74,551,0,26,1,4,5,9,12,7,8,2,40,160,39,36,42,27,57,54,73,23
658,506394,699.6408602150539,70,555,5,16,4,1,11,2,7,12,9,3,35,170,36,39,36,34,62,49,72,22
659,514542,693.8397849462366,72,553,4,17,4,6,5,3,10,11,9,3,36,169,36,34,42,33,59,50,72,22
660,40895,686.0419354838709,74,551,8,21,5,4,6,0,7,11,9,3,32,165,35,36,41,36,62,50,72,22
661,395055,693.4021505376343,71,554,3,23,5,2,1,8,10,1,11,7,37,163,35,38,46,28,59,60,70,18
662,538305,694.1999999999999,70,555,4,21,6,5,3,7,9,9,5,1,36,165,34,35,44,29,60,52,76,24
663,392579,689.0956989247311,69,556,6,21,4,2,7,6,6,8,7,2,34,165,36,38,40,30,63,53,74,23
664,651260,699.1032258064515,72,553,2,17,6,7,7,2,7,11,9,4,38,169,34,33,40,34,62,50,72,21
665,379306,698.8075268817204,71,554,4,21,2,1,6,5,9,10,11,2,36,165,38,39,41,31,60,51,70,23
666,946046,690.6333333333333,72,553,4,19,6,9,7,3,8,7,6,3,36,167,34,31,40,33,61,54,75,22
667,653535,702.6559139784946,73,552,2,16,3,6,4,5,7,11,16,3,38,170,37,34,43,31,62,50,65,22
668,955629,699.6709677419354,74,551,4,19,4,4,3,5,15,8,9,3,36,167,36,36,44,31,54,53,72,22
669,77870,691.1161290322581,73,552,1,23,3,6,6,2,13,6,12,1,39,163,37,34,41,34,56,55,69,24
670,546563,698.6397849462365,71,554,2,18,4,9,2,6,14,6,9,1,38,168,36,31,45,30,55,55,72,24
671,569696,689.5967741935483,73,552,4,26,4,4,4,4,7,4,14,2,36,160,36,36,43,32,62,57,67,23
672,782777,688.8924731182796,70,555,5,19,7,6,6,5,8,7,5,2,35,167,33,34,41,31,61,54,76,23
673,156305,703.4784946236559,75,550,4,23,6,5,6,3,6,6,14,2,36,163,34,35,41,33,63,55,67,23
674,342893,688.4333333333334,75,550,6,25,4,6,7,9,1,5,10,2,34,161,36,34,40,27,68,56,71,23
675,430153,695.3537634408603,71,554,5,18,4,4,4,5,10,9,6,6,35,168,36,36,43,31,59,52,75,19
676,186134,700.8967741935483,64,561,2,19,3,4,4,2,8,8,9,5,38,167,37,36,43,34,61,53,72,20
677,408575,692.7236559139784,65,560,2,22,3,3,7,8,5,7,4,4,38,164,37,37,40,28,64,54,77,21
678,249610,692.7473118279569,74,551,5,21,4,4,11,4,13,6,4,2,35,165,36,36,36,32,56,55,77,23
679,911148,689.4709677419355,68,557,2,17,7,7,2,3,14,5,7,4,38,169,33,33,45,33,55,56,74,21
680,78804,697.1290322580645,72,553,3,15,5,9,4,4,9,9,9,5,37,171,35,31,43,32,60,52,72,20
681,527934,702.7193548387097,66,559,4,12,5,4,2,5,13,8,12,1,36,174,35,36,45,31,56,53,69,24
682,913306,692.8247311827956,74,551,7,23,3,5,5,3,10,6,11,1,33,163,37,35,42,33,59,55,70,24
683,100910,702.2989247311828,73,552,1,23,3,6,5,3,10,10,8,4,39,163,37,34,42,33,59,51,73,21
684,549905,686.5720430107526,70,555,2,20,1,3,8,2,8,9,11,6,38,166,39,37,39,34,61,52,70,19
685,673178,698.6408602150536,68,557,5,20,5,2,3,6,7,7,10,3,35,166,35,38,44,30,62,54,71,22
686,293001,697.7903225806451,77,548,5,27,6,4,5,4,9,7,9,1,35,159,34,36,42,32,60,54,72,24
687,337497,695.4354838709677,73,552,4,26,2,6,6,5,4,9,7,4,36,160,38,34,41,31,65,52,74,21
688,649503,695.221505376344,71,554,6,19,6,3,5,4,10,8,9,1,34,167,34,37,42,32,59,53,72,24
689,672142,694.3129032258064,74,551,8,20,7,5,4,2,9,9,8,2,32,166,33,35,43,34,60,52,73,23
690,870083,695.368817204301,67,558,6,19,5,4,7,0,8,6,11,1,34,167,35,36,40,36,61,55,70,24
691,869871,687.4634408602151,71,554,3,18,7,6,8,2,6,6,15,0,37,168,33,34,39,34,63,55,66,25
692,337172,682.747311827957,63,562,6,25,4,4,8,4,4,6,2,0,34,161,36,36,39,32,65,55,79,25
693,210410,696.9913978494624,71,554,2,19,6,1,8,3,7,9,13,3,38,167,34,39,39,33,62,52,68,22
694,371532,691.9258064516129,76,549,4,22,4,4,11,6,11,7,6,1,36,164,36,36,36,30,58,54,75,24
695,13693,705.6860215053762,77,548,4,25,3,10,0,4,5,5,19,2,36,161,37,30,47,32,64,56,62,23
696,952160,693.494623655914,71,554,2,22,10,5,5,4,7,6,9,1,38,164,30,35,42,32,62,55,72,24
697,384706,693.3967741935483,71,554,3,22,3,6,8,2,7,10,9,1,37,164,37,34,39,34,62,51,72,24
698,984608,695.8623655913977,66,559,4,19,7,2,4,2,8,7,8,5,36,167,33,38,43,34,61,54,73,20
699,752729,700.3752688172042,70,555,9,18,4,1,7,8,7,6,7,3,31,168,36,39,40,28,62,55,74,22
700,976929,690.6548387096774,70,555,8,20,4,2,9,1,4,6,12,4,32,166,36,38,38,35,65,55,69,21
701,283496,692.2451612903226,71,554,4,16,6,5,6,4,11,8,7,4,36,170,34,35,41,32,58,53,74,21
702,888114,696.0591397849462,71,554,3,28,4,5,6,5,5,6,7,2,37,158,36,35,41,31,64,55,74,23
703,608691,702.0204301075269,70,555,4,20,4,2,3,3,11,6,11,6,36,166,36,38,44,33,58,55,70,19
704,105439,698.3279569892472,71,554,3,26,4,3,4,5,7,10,6,3,37,160,36,37,43,31,62,51,75,22
705,24021,690.9752688172043,73,552,9,20,7,2,5,3,9,7,10,1,31,166,33,38,42,33,60,54,71,24
706,384917,697.3645161290322,69,556,4,18,1,5,3,9,3,7,12,7,36,168,39,35,44,27,66,54,69,18
707,286132,692.7806451612903,72,553,7,26,2,2,4,4,6,12,6,3,33,160,38,38,43,32,63,49,75,22
708,277985,693.6064516129032,72,553,4,18,6,3,8,5,8,11,6,3,36,168,34,37,39,31,61,50,75,22
709,113220,696.9752688172043,71,554,4,22,3,7,9,4,3,7,11,1,36,164,37,33,38,32,66,54,70,24
710,177441,699.7666666666667,73,552,6,20,5,6,3,4,9,5,11,4,34,166,35,34,44,32,60,56,70,21
711,640309,687.9225806451611,70,555,4,16,5,8,9,5,6,5,7,5,36,170,35,32,38,31,63,56,74,20
712,551473,691.1322580645162,71,554,6,16,6,3,9,2,9,7,13,0,34,170,34,37,38,34,60,54,68,25
713,59269,700.9645161290323,71,554,6,20,7,5,4,3,8,6,8,4,34,166,33,35,43,33,61,55,73,21
714,481952,695.7612903225806,67,558,4,17,4,2,10,5,4,9,7,5,36,169,36,38,37,31,65,52,74,20
715,474846,698.1344086021504,67,558,2,14,5,6,4,5,9,10,8,4,38,172,35,34,43,31,60,51,73,21
716,247916,694.8752688172043,69,556,5,25,2,5,3,9,7,4,6,3,35,161,38,35,44,27,62,57,75,22
717,447763,696.0655913978494,70,555,3,17,3,4,6,6,12,5,10,4,37,169,37,36,41,30,57,56,71,21
718,885450,692.7451612903226,72,553,4,19,4,7,7,4,8,7,8,4,36,167,36,33,40,32,61,54,73,21
719,459439,688.3494623655913,68,557,4,22,4,1,5,6,4,5,15,2,36,164,36,39,42,30,65,56,66,23
720,539737,685.2559139784945,73,552,6,22,4,8,8,1,11,9,4,0,34,164,36,32,39,35,58,52,77,25
721,425562,697.3870967741937,70,555,7,22,7,4,4,4,7,5,7,3,33,164,33,36,43,32,62,56,74,22
722,106712,699.6408602150537,69,556,3,14,2,5,7,3,10,5,16,4,37,172,38,35,40,33,59,56,65,21
723,437282,689.5430107526881,72,553,4,21,3,4,8,4,8,8,12,0,36,165,37,36,39,32,61,53,69,25
724,997006,697.4537634408601,74,551,5,21,7,4,3,7,11,8,5,3,35,165,33,36,44,29,58,53,76,22
725,801253,692.6645161290322,75,550,3,19,11,2,1,5,13,10,9,2,37,167,29,38,46,31,56,51,72,23
726,498775,695.3967741935483,71,554,5,18,7,4,10,2,9,4,8,4,35,168,33,36,37,34,60,57,73,21
727,694004,680.6935483870968,74,551,3,21,3,4,11,2,5,10,12,3,37,165,37,36,36,34,64,51,69,22
728,342452,691.1225806451612,74,551,6,16,8,2,8,6,5,10,10,3,34,170,32,38,39,30,64,51,71,22
729,757528,689.9548387096773,75,550,3,17,11,6,7,5,11,4,6,5,37,169,29,34,40,31,58,57,75,20
730,214498,693.9172043010752,75,550,3,24,6,7,6,4,10,9,6,0,37,162,34,33,41,32,59,52,75,25
731,607364,689.879569892473,73,552,5,17,6,3,4,7,9,10,7,5,35,169,34,37,43,29,60,51,74,20
732,249969,699.1354838709678,74,551,3,27,3,2,2,3,13,4,13,4,37,159,37,38,45,33,56,57,68,21
733,753623,703.0870967741935,73,552,5,17,4,5,5,8,10,6,11,2,35,169,36,35,42,28,59,55,70,23
734,627770,698.6913978494623,70,555,3,18,4,5,9,5,7,9,7,3,37,168,36,35,38,31,62,52,74,22
735,523173,692.0440860215053,74,551,3,29,6,3,4,3,6,5,12,3,37,157,34,37,43,33,63,56,69,22
736,680899,692.394623655914,72,553,3,17,5,3,6,6,9,10,7,6,37,169,35,37,41,30,60,51,74,19
737,105250,696.3279569892472,70,555,5,19,4,5,5,5,6,10,8,3,35,167,36,35,42,31,63,51,73,22
738,128114,694.4096774193547,69,556,3,18,7,6,5,3,8,7,9,3,37,168,33,34,42,33,61,54,72,22
739,637914,705.4096774193549,72,553,4,19,6,4,10,2,5,8,9,5,36,167,34,36,37,34,64,53,72,20
740,241016,689.2268817204301,72,553,4,32,1,3,3,3,10,5,8,3,36,154,39,37,44,33,59,56,73,22
741,154404,690.025806451613,73,552,2,20,5,3,2,2,16,10,12,1,38,166,35,37,45,34,53,51,69,24
742,624754,696.7741935483871,69,556,7,21,5,3,7,7,5,7,6,1,33,165,35,37,40,29,64,54,75,24
743,127432,689.3903225806453,73,552,5,31,1,4,4,2,11,5,8,2,35,155,39,36,43,34,58,56,73,23
744,169040,700.3752688172043,74,551,5,18,3,6,6,4,7,9,10,6,35,168,37,34,41,32,62,52,71,19
745,970358,695.8075268817204,69,556,2,21,4,5,6,4,12,7,3,5,38,165,36,35,41,32,57,54,78,20
746,609377,706.7021505376343,72,553,12,19,5,4,5,3,7,4,10,3,28,167,35,36,42,33,62,57,71,22
747,169129,695.6333333333333,71,554,7,22,9,1,6,4,2,4,12,4,33,164,31,39,41,32,67,57,69,21
748,735372,689.0053763440859,70,555,9,20,5,5,4,5,6,6,8,2,31,166,35,35,43,31,63,55,73,23
749,149613,695.3462365591397,68,557,5,26,8,3,3,3,6,5,7,2,35,160,32,37,44,33,63,56,74,23
750,141146,692.9322580645162,73,552,5,24,4,2,7,5,6,12,7,1,35,162,36,38,40,31,63,49,74,24
751,929856,685.3999999999999,71,554,8,22,6,4,6,4,4,10,5,2,32,164,34,36,41,32,65,51,76,23
752,784597,698.2645161290322,74,551,3,22,5,7,4,7,10,8,7,1,37,164,35,33,43,29,59,53,74,24
753,630627,697.7204301075268,74,551,4,19,4,6,4,5,8,5,17,2,36,167,36,34,43,31,61,56,64,23
754,454935,694.4354838709678,75,550,6,24,4,2,6,3,8,9,10,3,34,162,36,38,41,33,61,52,71,22
755,342749,685.074193548387,73,552,1,26,5,4,6,7,7,8,7,2,39,160,35,36,41,29,62,53,74,23
756,313710,688.2086021505377,72,553,3,24,9,7,2,2,9,8,6,2,37,162,31,33,45,34,60,53,75,23
757,635039,699.82688172043,69,556,3,15,10,6,3,14,6,3,8,1,37,171,30,34,44,22,63,58,73,24
758,716424,691.4161290322579,67,558,6,17,4,1,8,4,10,6,9,2,34,169,36,39,39,32,59,55,72,23
759,924339,696.1602150537635,76,549,5,21,5,3,7,6,9,8,9,3,35,165,35,37,40,30,60,53,72,22
760,651803,696.2602150537634,72,553,4,16,3,5,6,4,9,9,9,7,36,170,37,35,41,32,60,52,72,18
761,675226,691.8827956989247,66,559,0,22,8,7,5,2,8,3,9,2,40,164,32,33,42,34,61,58,72,23
762,612475,686.8462365591397,75,550,3,24,6,7,6,6,5,8,8,2,37,162,34,33,41,30,64,53,73,23
763,654878,692.5860215053764,75,550,5,27,1,4,8,4,7,8,8,3,35,159,39,36,39,32,62,53,73,22
764,569263,690.4150537634409,75,550,4,20,4,7,8,3,5,8,12,4,36,166,36,33,39,33,64,53,69,21
765,93513,692.9419354838708,74,551,7,22,4,5,5,7,5,8,9,2,33,164,36,35,42,29,64,53,72,23
766,60901,693.4612903225807,74,551,2,22,9,7,5,4,14,4,4,3,38,164,31,33,42,32,55,57,77,22
767,530127,696.9860215053764,75,550,3,18,6,6,5,7,8,8,8,6,37,168,34,34,42,29,61,53,73,19
768,6065,690.4505376344086,74,551,5,23,4,5,5,9,10,5,3,5,35,163,36,35,42,27,59,56,78,20
769,717246,700.2215053763441,70,555,3,25,4,2,6,2,6,7,11,4,37,161,36,38,41,34,63,54,70,21
770,487363,690.9795698924731,73,552,9,14,3,2,5,4,13,10,7,6,31,172,37,38,42,32,56,51,74,19
771,845077,690.0849462365591,73,552,3,29,6,4,4,0,9,13,5,0,37,157,34,36,43,36,60,48,76,25
772,917975,690.5451612903225,71,554,3,20,3,4,2,3,9,10,14,3,37,166,37,36,45,33,60,51,67,22
773,910009,694.0043010752686,65,560,2,24,3,4,2,7,7,5,9,2,38,162,37,36,45,29,62,56,72,23
774,778086,689.263440860215,73,552,8,19,3,5,7,8,3,4,10,6,32,167,37,35,40,28,66,57,71,19
775,856807,688.7752688172043,71,554,2,30,2,2,5,5,10,3,9,3,38,156,38,38,42,31,59,58,72,22
776,241656,699.0,72,553,5,19,5,4,4,8,11,9,6,1,35,167,35,36,43,28,58,52,75,24
777,356324,691.7559139784946,75,550,6,28,3,9,8,4,7,3,6,1,34,158,37,31,39,32,62,58,75,24
778,473412,699.9978494623656,68,557,8,18,4,4,4,10,9,1,8,2,32,168,36,36,43,26,60,60,73,23
779,546595,700.1752688172043,78,547,4,23,7,2,1,8,14,8,8,3,36,163,33,38,46,28,55,53,73,22
780,973834,697.0,77,548,5,23,4,7,4,8,10,5,8,3,35,163,36,33,43,28,59,56,73,22
781,229226,690.736559139785,75,550,5,23,9,2,6,8,4,7,9,2,35,163,31,38,41,28,65,54,72,23
782,393375,696.3064516129032,76,549,3,19,4,5,9,5,12,7,10,2,37,167,36,35,38,31,57,54,71,23
783,635594,691.3225806451612,72,553,4,20,11,2,5,4,11,6,6,3,36,166,29,38,42,32,58,55,75,22
784,139495,695.5677419354837,68,557,9,19,3,5,5,5,5,5,9,3,31,167,37,35,42,31,64,56,72,22
785,111476,691.6258064516129,73,552,5,16,6,3,9,4,10,6,11,3,35,170,34,37,38,32,59,55,70,22
786,329831,697.9752688172041,71,554,11,19,2,3,7,4,10,7,7,1,29,167,38,37,40,32,59,54,74,24
787,744635,696.0182795698925,73,552,2,21,4,7,7,3,9,9,9,2,38,165,36,33,40,33,60,52,72,23
788,441339,696.8225806451612,79,546,6,21,9,3,4,3,15,4,11,3,34,165,31,37,43,33,54,57,70,22
789,53141,692.548387096774,67,558,5,17,3,3,7,10,4,10,6,2,35,169,37,37,40,26,65,51,75,23
790,46344,697.4881720430106,70,555,2,23,3,4,3,6,12,6,9,2,38,163,37,36,44,30,57,55,72,23
791,379405,698.9064516129032,71,554,6,20,7,2,7,3,6,2,12,6,34,166,33,38,40,33,63,59,69,19
792,882756,692.8935483870968,69,556,4,26,3,4,6,1,7,7,8,3,36,160,37,36,41,35,62,54,73,22
793,485468,686.3333333333333,70,555,6,27,5,2,5,4,9,3,4,5,34,159,35,38,42,32,60,58,77,20
794,762689,694.5978494623655,73,552,3,21,11,3,8,4,8,4,9,2,37,165,29,37,39,32,61,57,72,23
795,359156,705.2849462365591,70,555,5,12,7,7,9,3,7,6,9,5,35,174,33,33,38,33,62,55,72,20
796,668245,691.8075268817205,74,551,5,24,6,5,2,6,11,5,8,2,35,162,34,35,45,30,58,56,73,23
797,200547,703.0999999999999,71,554,3,21,2,5,3,5,8,8,13,3,37,165,38,35,44,31,61,53,68,22
798,290890,689.0129032258064,74,551,6,22,7,3,3,8,9,7,5,4,34,164,33,37,44,28,60,54,76,21
799,71535,694.9075268817204,75,550,4,26,3,6,6,3,8,8,8,3,36,160,37,34,41,33,61,53,73,22
800,576026,688.6,70,555,6,21,4,3,4,6,9,8,5,4,34,165,36,37,43,30,60,53,76,21
801,91331,697.8032258064516,74,551,3,19,4,6,2,6,8,10,8,8,37,167,36,34,45,30,61,51,73,17
802,437222,695.0623655913978,67,558,5,17,7,4,4,5,13,2,9,1,35,169,33,36,43,31,56,59,72,24
803,799200,695.2709677419355,75,550,4,24,4,8,2,2,8,6,14,3,36,162,36,32,45,34,61,55,67,22
804,28614,699.5279569892473,76,549,4,22,1,1,5,10,7,10,14,2,36,164,39,39,42,26,62,51,67,23
805,335103,689.2451612903225,67,558,6,21,2,6,7,6,8,5,6,0,34,165,38,34,40,30,61,56,75,25
806,611192,689.3935483870966,73,552,4,22,3,3,6,9,8,3,13,2,36,164,37,37,41,27,61,58,68,23
807,804676,689.2763440860215,72,553,4,26,5,7,4,3,14,4,5,0,36,160,35,33,43,33,55,57,76,25
808,324686,700.5333333333333,67,558,6,13,8,4,7,2,4,8,14,1,34,173,32,36,40,34,65,53,67,24
809,284426,683.3408602150537,72,553,1,17,7,6,12,4,7,8,8,2,39,169,33,34,35,32,62,53,73,23
810,50240,692.1956989247312,72,553,3,17,4,7,4,2,8,11,10,6,37,169,36,33,43,34,61,50,71,19
811,171351,701.710752688172,73,552,6,24,7,6,5,2,7,6,8,2,34,162,33,34,42,34,62,55,73,23
812,463966,692.516129032258,69,556,5,13,4,4,7,3,8,8,12,5,35,173,36,36,40,33,61,53,69,20
813,255351,690.4107526881721,74,551,4,21,3,8,5,7,8,5,12,1,36,165,37,32,42,29,61,56,69,24
814,831290,693.5215053763441,74,551,5,22,4,7,2,5,7,11,11,0,35,164,36,33,45,31,62,50,70,25
815,567881,706.016129032258,68,557,2,28,1,1,3,5,8,6,11,3,38,158,39,39,44,31,61,55,70,22
816,733562,694.7913978494623,70,555,2,20,4,8,8,3,4,6,14,1,38,166,36,32,39,33,65,55,67,24
817,443595,694.4838709677417,70,555,1,21,3,3,8,4,14,3,11,2,39,165,37,37,39,32,55,58,70,23
818,51548,694.0311827956988,72,553,1,21,2,6,9,7,6,7,11,2,39,165,38,34,38,29,63,54,70,23
819,262517,700.2247311827956,69,556,5,21,2,6,5,6,8,6,9,1,35,165,38,34,42,30,61,55,72,24
820,493873,691.321505376344,72,553,4,21,1,3,4,5,10,9,12,3,36,165,39,37,43,31,59,52,69,22
821,189709,691.5752688172042,70,555,6,22,4,2,4,5,9,6,9,3,34,164,36,38,43,31,60,55,72,22
822,356454,702.8924731182796,72,553,5,23,2,1,3,3,12,8,12,3,35,163,38,39,44,33,57,53,69,22
823,878011,696.7666666666667,73,552,6,20,6,4,4,4,8,8,8,5,34,166,34,36,43,32,61,53,73,20
824,727553,690.7537634408602,76,549,4,23,4,5,8,5,7,9,11,0,36,163,36,35,39,31,62,52,70,25
825,767812,693.5946236559139,65,560,7,20,4,4,3,3,8,5,11,0,33,166,36,36,44,33,61,56,70,25
826,928322,698.6505376344085,77,548,6,19,2,4,6,4,12,9,10,5,34,167,38,36,41,32,57,52,71,20
827,961665,692.8129032258064,70,555,4,23,4,2,5,7,8,5,8,4,36,163,36,38,42,29,61,56,73,21
828,672488,703.4688172043011,73,552,5,24,3,6,5,8,3,7,9,3,35,162,37,34,42,28,66,54,72,22
829,610580,688.7333333333333,68,557,5,14,6,10,2,2,14,2,9,4,35,172,34,30,45,34,55,59,72,21
830,280981,691.8333333333333,69,556,6,19,5,0,7,5,8,6,7,6,34,167,35,40,40,31,61,55,74,19
831,1489,693.047311827957,74,551,4,19,5,9,6,2,10,6,12,1,36,167,35,31,41,34,59,55,69,24
832,557806,685.0817204301075,71,554,8,20,4,1,8,4,6,9,8,3,32,166,36,39,39,32,63,52,73,22
833,322566,691.6741935483869,70,555,6,23,6,2,6,5,5,7,9,1,34,163,34,38,41,31,64,54,72,24
834,274155,696.2731182795699,68,557,3,20,1,8,4,8,8,5,10,1,37,166,39,32,43,28,61,56,71,24
835,344304,694.5860215053764,72,553,2,27,6,1,2,9,9,5,9,2,38,159,34,39,45,27,60,56,72,23
836,520497,691.0784946236558,73,552,4,21,7,6,7,3,11,6,6,2,36,165,33,34,40,33,58,55,75,23
837,498793,697.2387096774194,71,554,4,16,3,5,7,4,7,13,11,1,36,170,37,35,40,32,62,48,70,24
838,458061,701.0430107526881,68,557,3,17,4,5,5,3,6,7,17,1,37,169,36,35,42,33,63,54,64,24
839,853297,702.5311827956988,74,551,3,27,1,5,7,3,8,4,15,1,37,159,39,35,40,33,61,57,66,24
840,126648,689.2645161290322,69,556,1,23,5,0,3,7,7,6,15,2,39,163,35,40,44,29,62,55,66,23
841,277197,698.5086021505376,72,553,9,23,4,6,3,5,7,6,5,4,31,163,36,34,44,31,62,55,76,21
842,539560,686.2010752688172,71,554,5,26,4,1,6,7,10,5,4,3,35,160,36,39,41,29,59,56,77,22
843,380151,691.2774193548387,73,552,4,21,6,4,2,4,10,8,12,2,36,165,34,36,45,32,59,53,69,23
844,314941,688.0602150537634,74,551,4,26,2,4,2,4,12,9,10,1,36,160,38,36,45,32,57,52,71,24
845,3633,696.9118279569893,72,553,8,18,8,2,7,4,7,4,11,3,32,168,32,38,40,32,62,57,70,22
846,906127,695.141935483871,72,553,2,26,6,7,5,2,6,5,12,1,38,160,34,33,42,34,63,56,69,24
847,709963,697.2655913978494,67,558,4,25,3,6,2,1,4,11,6,5,36,161,37,34,45,35,65,50,75,20
848,127928,686.6731182795697,76,549,5,14,7,6,8,7,11,7,10,1,35,172,33,34,39,29,58,54,71,24
849,783888,699.452688172043,70,555,5,23,4,4,3,3,13,4,7,4,35,163,36,36,44,33,56,57,74,21
850,488872,697.0419354838709,70,555,0,20,7,9,6,3,8,6,8,3,40,166,33,31,41,33,61,55,73,22
851,300213,687.3709677419354,70,555,6,21,3,4,7,3,9,5,9,3,34,165,37,36,40,33,60,56,72,22
852,400405,696.6247311827956,69,556,7,24,4,4,7,1,6,5,9,2,33,162,36,36,40,35,63,56,72,23
853,759608,692.568817204301,69,556,8,22,5,7,2,2,8,4,10,1,32,164,35,33,45,34,61,57,71,24
854,973071,691.594623655914,72,553,3,18,10,2,8,8,8,5,6,4,37,168,30,38,39,28,61,56,75,21
855,589000,687.6537634408603,72,553,7,23,3,6,5,4,5,11,6,2,33,163,37,34,42,32,64,50,75,23
856,315272,702.2107526881719,71,554,7,20,5,2,4,2,9,9,7,6,33,166,35,38,43,34,60,52,74,19
857,556387,695.6118279569891,70,555,3,24,4,2,8,3,7,5,11,3,37,162,36,38,39,33,62,56,70,22
858,184122,695.3419354838709,71,554,3,16,4,2,7,6,6,8,17,2,37,170,36,38,40,30,63,53,64,23
859,402574,688.4741935483871,71,554,10,23,6,5,6,3,7,4,5,2,30,163,34,35,41,33,62,57,76,23
860,94952,695.5301075268817,71,554,4,19,11,2,6,4,9,6,7,3,36,167,29,38,41,32,60,55,74,22
861,404989,692.7806451612903,65,560,2,25,3,2,7,5,8,6,5,2,38,161,37,38,40,31,61,55,76,23
862,544510,695.016129032258,71,554,4,23,3,0,5,7,13,5,9,2,36,163,37,40,42,29,56,56,72,23
863,781387,689.7354838709678,69,556,8,23,4,2,6,5,7,6,7,1,32,163,36,38,41,31,62,55,74,24
864,99703,689.8881720430107,64,561,6,20,3,0,3,5,5,10,8,4,34,166,37,40,44,31,64,51,73,21
865,943285,696.874193548387,69,556,6,29,3,8,1,4,11,2,4,1,34,157,37,32,46,32,58,59,77,24
866,84821,688.5462365591397,74,551,4,23,4,6,11,4,6,10,6,0,36,163,36,34,36,32,63,51,75,25
867,661075,696.010752688172,70,555,4,20,7,5,8,6,5,7,6,2,36,166,33,35,39,30,64,54,75,23
868,283249,689.2903225806451,70,555,6,19,4,2,8,6,12,4,8,1,34,167,36,38,39,30,57,57,73,24
869,480504,696.447311827957,73,552,4,28,5,2,4,3,5,5,14,3,36,158,35,38,43,33,64,56,67,22
870,184514,690.3494623655913,71,554,5,20,8,7,2,3,6,7,11,2,35,166,32,33,45,33,63,54,70,23
871,689327,689.5451612903225,69,556,2,8,6,5,14,7,7,12,7,1,38,178,34,35,33,29,62,49,74,24
872,781308,688.4827956989247,70,555,5,24,4,4,6,6,7,7,4,3,35,162,36,36,41,30,62,54,77,22
873,742197,696.6774193548387,74,551,2,23,3,4,9,5,6,11,8,3,38,163,37,36,38,31,63,50,73,22
874,463066,698.7741935483871,74,551,7,23,8,6,1,5,7,7,7,3,33,163,32,34,46,31,62,54,74,22
875,911613,691.9827956989246,72,553,5,16,7,9,10,4,3,5,13,0,35,170,33,31,37,32,66,56,68,25
876,210100,687.443010752688,68,557,6,20,2,5,5,5,8,9,5,3,34,166,38,35,42,31,61,52,76,22
877,751048,701.1096774193547,75,550,5,13,5,5,7,3,8,6,18,5,35,173,35,35,40,33,61,55,63,20
878,114281,691.7784946236559,70,555,5,21,9,8,4,6,5,1,8,3,35,165,31,32,43,30,64,60,73,22
879,107651,691.594623655914,73,552,5,26,1,9,2,6,7,8,8,1,35,160,39,31,45,30,62,53,73,24
880,546038,689.010752688172,68,557,2,22,5,5,4,6,8,6,8,2,38,164,35,35,43,30,61,55,73,23
881,27770,683.5720430107526,75,550,4,34,4,7,3,0,7,6,8,2,36,152,36,33,44,36,62,55,73,23
882,28099,687.7333333333332,73,552,5,22,3,4,8,4,9,8,6,4,35,164,37,36,39,32,60,53,75,21
883,200642,687.5344086021505,72,553,5,15,2,6,8,4,11,6,11,4,35,171,38,34,39,32,58,55,70,21
884,661787,700.0720430107526,71,554,4,20,10,4,5,5,8,0,12,3,36,166,30,36,42,31,61,61,69,22
885,470443,692.9451612903225,70,555,4,22,7,5,1,2,6,12,8,3,36,164,33,35,46,34,63,49,73,22
886,885139,691.8354838709677,72,553,4,30,2,3,4,3,8,8,8,2,36,156,38,37,43,33,61,53,73,23
887,618318,693.9838709677418,71,554,4,24,6,2,2,6,9,5,10,3,36,162,34,38,45,30,60,56,71,22
888,494863,683.4860215053764,71,554,3,24,3,8,4,7,5,6,6,5,37,162,37,32,43,29,64,55,75,20
889,797463,697.4258064516127,70,555,5,22,5,5,8,4,6,4,9,2,35,164,35,35,39,32,63,57,72,23
890,282295,698.779569892473,71,554,9,22,2,4,2,1,5,12,12,2,31,164,38,36,45,35,64,49,69,23
891,54221,693.2989247311828,69,556,3,26,6,6,1,8,6,5,6,2,37,160,34,34,46,28,63,56,75,23
892,352416,697.7279569892473,75,550,5,22,6,1,5,7,5,10,10,4,35,164,34,39,42,29,64,51,71,21
893,749208,697.8924731182796,76,549,4,23,4,3,9,3,9,8,11,2,36,163,36,37,38,33,60,53,70,23
894,714333,696.0204301075269,72,553,6,17,4,1,6,4,11,12,8,3,34,169,36,39,41,32,58,49,73,22
895,631599,699.6193548387097,68,557,9,14,4,3,6,4,14,6,7,1,31,172,36,37,41,32,55,55,74,24
896,781599,695.463440860215,68,557,3,22,3,5,5,3,7,6,8,6,37,164,37,35,42,33,62,55,73,19
897,111834,695.4924731182795,72,553,4,18,3,3,2,5,11,10,13,3,36,168,37,37,45,31,58,51,68,22
898,907253,687.1602150537635,71,554,3,25,12,4,3,1,4,6,10,3,37,161,28,36,44,35,65,55,71,22
899,960027,692.4752688172042,70,555,5,23,5,6,5,5,6,6,5,4,35,163,35,34,42,31,63,55,76,21
900,856035,692.5860215053764,73,552,7,18,4,7,7,4,7,7,9,3,33,168,36,33,40,32,62,54,72,22
901,399815,693.7086021505377,76,549,6,22,3,5,8,4,5,8,10,5,34,164,37,35,39,32,64,53,71,20
902,435620,702.0655913978494,75,550,6,19,7,5,7,3,13,4,9,2,34,167,33,35,40,33,56,57,72,23
903,373133,695.4225806451612,76,549,3,20,8,5,10,1,9,10,9,1,37,166,32,35,37,35,60,51,72,24
904,584055,698.0408602150537,77,548,4,22,8,7,7,3,8,8,6,4,36,164,32,33,40,33,61,53,75,21
905,237192,685.5301075268817,71,554,5,21,6,6,6,6,10,5,4,2,35,165,34,34,41,30,59,56,77,23
906,371456,696.8451612903226,75,550,4,27,3,3,7,2,12,3,11,3,36,159,37,37,40,34,57,58,70,22
907,915017,701.0064516129031,68,557,2,17,7,6,7,3,6,9,10,1,38,169,33,34,40,33,63,52,71,24
908,797291,698.3935483870966,76,549,9,19,4,5,5,5,6,6,14,3,31,167,36,35,42,31,63,55,67,22
909,880797,692.1172043010753,70,555,9,20,4,3,5,6,11,3,7,2,31,166,36,37,42,30,58,58,74,23
910,551632,696.3258064516128,70,555,3,21,8,3,5,6,7,9,7,1,37,165,32,37,42,30,62,52,74,24
911,523779,694.0182795698925,65,560,2,16,5,4,6,1,13,9,7,2,38,170,35,36,41,35,56,52,74,23
912,239827,691.9612903225807,70,555,6,20,9,4,5,2,7,6,10,1,34,166,31,36,42,34,62,55,71,24
913,379065,687.7010752688172,70,555,4,17,2,2,7,7,10,10,10,1,36,169,38,38,40,29,59,51,71,24
914,736180,694.8172043010752,75,550,4,27,5,2,4,7,4,5,15,2,36,159,35,38,43,29,65,56,66,23
915,776407,706.6677419354838,70,555,1,21,2,4,4,0,11,10,14,3,39,165,38,36,43,36,58,51,67,22
916,730777,699.5150537634408,70,555,5,16,5,4,7,6,11,9,7,0,35,170,35,36,40,30,58,52,74,25
917,716907,690.4645161290323,74,551,3,22,7,4,4,6,6,6,12,4,37,164,33,36,43,30,63,55,69,21
918,124539,707.2903225806451,74,551,6,22,1,3,7,1,7,9,14,4,34,164,39,37,40,35,62,52,67,21
919,871292,696.5612903225806,73,552,8,18,1,5,14,3,8,4,8,4,32,168,39,35,33,33,61,57,73,21
920,318848,696.6408602150536,70,555,5,19,7,5,5,4,3,7,13,2,35,167,33,35,42,32,66,54,68,23
921,748548,690.5602150537634,66,559,2,22,4,4,5,3,7,10,8,1,38,164,36,36,42,33,62,51,73,24
922,595515,692.9258064516129,73,552,2,21,5,7,7,4,9,8,8,2,38,165,35,33,40,32,60,53,73,23
923,475499,690.5462365591397,68,557,3,16,5,4,2,7,13,9,9,0,37,170,35,36,45,29,56,52,72,25
924,890731,694.1290322580645,67,558,2,25,4,2,5,4,4,7,13,1,38,161,36,38,42,32,65,54,68,24
925,376786,693.4075268817203,64,561,5,22,1,3,4,2,7,8,9,3,35,164,39,37,43,34,62,53,72,22
926,414121,697.8731182795698,74,551,5,12,4,7,4,10,6,9,15,2,35,174,36,33,43,26,63,52,66,23
927,672014,689.8182795698924,74,551,3,20,3,4,7,3,10,13,7,4,37,166,37,36,40,33,59,48,74,21
928,452989,694.3365591397849,72,553,6,24,4,5,2,11,8,2,6,4,34,162,36,35,45,25,61,59,75,21
929,384710,698.531182795699,69,556,4,22,4,4,8,3,8,6,6,4,36,164,36,36,39,33,61,55,75,21
930,357104,694.0247311827957,75,550,5,25,5,8,5,3,9,7,6,2,35,161,35,32,42,33,60,54,75,23
931,33860,685.4258064516129,70,555,6,27,5,2,4,9,4,4,4,5,34,159,35,38,43,27,65,57,77,20
932,196632,700.0129032258064,74,551,4,23,6,5,6,6,7,3,11,3,36,163,34,35,41,30,62,58,70,22
933,77867,689.0645161290322,70,555,3,19,6,5,5,3,11,7,9,2,37,167,34,35,42,33,58,54,72,23
934,425194,694.9139784946236,72,553,6,22,9,6,4,5,5,7,6,2,34,164,31,34,43,31,64,54,75,23
935,810010,689.9559139784946,73,552,6,25,6,9,6,4,1,4,9,3,34,161,34,31,41,32,68,57,72,22
936,856198,688.3634408602151,71,554,5,26,3,1,7,2,11,4,7,5,35,160,37,39,40,34,58,57,74,20
937,843353,700.758064516129,72,553,3,20,3,4,10,2,6,9,14,1,37,166,37,36,37,34,63,52,67,24
938,502393,701.0709677419354,71,554,2,16,7,5,7,4,8,8,11,3,38,170,33,35,40,32,61,53,70,22
939,922954,694.5870967741935,71,554,5,16,9,2,6,4,5,11,7,6,35,170,31,38,41,32,64,50,74,19
940,54995,691.0376344086021,73,552,7,21,2,3,5,7,11,7,8,2,33,165,38,37,42,29,58,54,73,23
941,959459,699.3193548387096,71,554,5,26,10,3,6,1,6,4,6,4,35,160,30,37,41,35,63,57,75,21
942,978499,698.5903225806451,73,552,3,13,5,6,9,9,13,3,10,2,37,173,35,34,38,27,56,58,71,23
943,860107,685.568817204301,69,556,7,20,4,4,2,1,7,7,12,5,33,166,36,36,45,35,62,54,69,20
944,566435,690.4387096774194,74,551,1,23,5,5,5,8,5,7,11,4,39,163,35,35,42,28,64,54,70,21
945,589902,690.947311827957,69,556,6,18,6,6,6,6,10,6,4,1,34,168,34,34,41,30,59,55,77,24
946,941604,693.868817204301,77,548,5,16,10,8,5,9,10,2,9,3,35,170,30,32,42,27,59,59,72,22
947,299613,697.8236559139784,77,548,7,20,5,3,4,4,13,6,9,6,33,166,35,37,43,32,56,55,72,19
948,852253,691.5354838709677,72,553,6,19,6,6,6,6,8,5,8,2,34,167,34,34,41,30,61,56,73,23
949,241763,695.616129032258,66,559,4,21,2,4,2,3,10,8,12,0,36,165,38,36,45,33,59,53,69,25
950,681508,706.0838709677419,69,556,2,18,8,7,2,4,11,6,9,2,38,168,32,33,45,32,58,55,72,23
951,636506,692.4462365591397,70,555,6,24,3,6,7,3,5,3,10,3,34,162,37,34,40,33,64,58,71,22
952,390636,684.547311827957,67,558,6,17,3,4,4,6,10,5,8,4,34,169,37,36,43,30,59,56,73,21
953,94069,692.6247311827956,73,552,6,28,5,2,7,1,8,5,9,2,34,158,35,38,40,35,61,56,72,23
954,920235,694.6354838709676,72,553,2,26,8,6,6,2,8,4,6,4,38,160,32,34,41,34,61,57,75,21
955,193614,693.7322580645161,70,555,2,21,4,5,10,5,7,5,10,1,38,165,36,35,37,31,62,56,71,24
956,828079,697.4838709677418,71,554,6,15,6,3,8,7,7,3,10,6,34,171,34,37,39,29,62,58,71,19
957,336293,683.321505376344,70,555,2,27,4,4,8,1,7,8,9,0,38,159,36,36,39,35,62,53,72,25
958,109771,692.1903225806452,71,554,5,24,7,3,9,2,3,7,6,5,35,162,33,37,38,34,66,54,75,20
959,292176,694.8774193548387,69,556,2,25,7,2,5,5,3,8,7,5,38,161,33,38,42,31,66,53,74,20
960,94428,699.6419354838711,70,555,6,20,4,5,4,9,7,6,8,1,34,166,36,35,43,27,62,55,73,24
961,794591,700.052688172043,71,554,4,16,5,4,6,3,10,6,15,2,36,170,35,36,41,33,59,55,66,23
962,292636,696.4494623655913,68,557,5,18,5,3,6,3,5,7,11,5,35,168,35,37,41,33,64,54,70,20
963,209636,691.737634408602,69,556,8,20,3,6,4,2,11,3,10,2,32,166,37,34,43,34,58,58,71,23
964,415973,690.1591397849462,72,553,6,12,10,5,7,4,9,10,8,1,34,174,30,35,40,32,60,51,73,24
965,555301,682.8086021505376,74,551,5,19,7,4,8,5,7,9,8,2,35,167,33,36,39,31,62,52,73,23
966,298223,702.8096774193548,66,559,1,24,2,6,5,3,6,5,11,3,39,162,38,34,42,33,63,56,70,22
967,414117,691.2989247311828,71,554,7,17,8,7,5,3,9,7,8,0,33,169,32,33,42,33,60,54,73,25
968,837677,691.0978494623657,69,556,6,24,1,2,7,3,11,5,6,4,34,162,39,38,40,33,58,56,75,21
969,476917,685.4967741935483,64,561,3,23,7,2,5,6,3,5,5,5,37,163,33,38,42,30,66,56,76,20
970,159420,698.1204301075268,73,552,6,25,2,2,5,8,6,0,10,9,34,161,38,38,42,28,63,61,71,16
971,17637,692.7967741935482,65,560,6,14,7,5,4,8,6,6,7,2,34,172,33,35,43,28,63,55,74,23
972,968519,685.7849462365591,71,554,4,23,4,8,8,4,4,8,4,4,36,163,36,32,39,32,65,53,77,21
973,466482,693.2086021505376,76,549,5,23,3,7,8,5,6,5,11,3,35,163,37,33,39,31,63,56,70,22
974,428158,696.7129032258064,71,554,2,19,3,3,6,8,12,7,10,1,38,167,37,37,41,28,57,54,71,24
975,604983,704.4602150537635,69,556,2,17,1,4,5,6,5,10,19,0,38,169,39,36,42,30,64,51,62,25
976,494475,683.6569892473118,74,551,6,20,7,3,6,8,7,6,5,6,34,166,33,37,41,28,62,55,76,19
977,319811,697.0376344086021,71,554,6,20,3,2,2,7,12,8,9,2,34,166,37,38,45,29,57,53,72,23
978,107418,693.8516129032257,68,557,9,14,4,8,5,9,6,7,6,0,31,172,36,32,42,27,63,54,75,25
979,596223,699.1645161290323,71,554,7,23,4,4,3,5,5,4,13,3,33,163,36,36,44,31,64,57,68,22
980,902917,694.8043010752688,70,555,4,16,4,5,11,2,11,5,11,1,36,170,36,35,36,34,58,56,70,24
981,980588,697.441935483871,71,554,6,18,7,4,8,1,7,8,10,2,34,168,33,36,39,35,62,53,71,23
982,14293,693.4268817204302,72,553,2,18,0,6,6,6,13,8,10,3,38,168,40,34,41,30,56,53,71,22
983,159340,688.4,69,556,6,24,1,3,3,6,11,5,6,4,34,162,39,37,44,30,58,56,75,21
984,92120,694.3537634408601,74,551,2,25,3,4,9,7,10,5,8,1,38,161,37,36,38,29,59,56,73,24
985,322813,691.2440860215054,74,551,6,26,6,3,4,2,7,12,6,2,34,160,34,37,43,34,62,49,75,23
986,581938,699.6365591397848,69,556,5,18,4,2,8,5,7,2,14,4,35,168,36,38,39,31,62,59,67,21
987,980449,694.1774193548388,68,557,2,18,5,4,4,4,6,8,14,3,38,168,35,36,43,32,63,53,67,22
988,16224,702.716129032258,71,554,8,22,6,1,6,1,6,7,10,4,32,164,34,39,41,35,63,54,71,21
989,153906,685.8118279569892,73,552,2,25,3,4,9,6,13,4,5,2,38,161,37,36,38,30,56,57,76,23
990,832495,692.8150537634408,70,555,3,29,5,2,2,5,6,5,12,1,37,157,35,38,45,31,63,56,69,24
991,727515,698.1451612903224,73,552,3,22,7,6,8,3,7,8,7,2,37,164,33,34,39,33,62,53,74,23
992,261020,696.3365591397849,75,550,5,20,3,4,6,6,14,5,12,0,35,166,37,36,41,30,55,56,69,25
993,686754,696.1258064516129,68,557,4,23,6,2,5,4,6,10,7,1,36,163,34,38,42,32,63,51,74,24
994,521142,690.0881720430107,78,547,6,17,4,4,5,5,13,13,8,3,34,169,36,36,42,31,56,48,73,22
995,311724,699.1118279569891,70,555,3,24,7,4,3,3,10,6,10,0,37,162,33,36,44,33,59,55,71,25
996,1896,694.968817204301,70,555,5,22,4,5,6,4,5,8,10,1,35,164,36,35,41,32,64,53,71,24
997,903022,696.858064516129,76,549,7,21,2,7,3,5,8,7,14,2,33,165,38,33,44,31,61,54,67,23
998,191964,693.5494623655914,68,557,4,23,3,7,4,4,8,6,3,6,36,163,37,33,43,32,61,55,78,19
999,374353,691.4408602150537,77,548,4,24,2,5,5,7,11,7,9,3,36,162,38,35,42,29,58,54,72,22
1000,384827,693.6860215053762,72,553,1,21,5,4,4,7,6,10,9,5,39,165,35,36,43,29,63,51,72,20
